交易編號,類型,日期和時間,訊號,價格 TWD,大小（數量）,大小（值）,淨損益 TWD,報酬 %,有利波動 TWD,有利波動 %,不利波動 TWD,不利波動 %,累計損益 TWD,累計損益 %,持續時間（K線）
1,多頭出場,2026-04-16 04:00,L_Exit,37191,1,1862750,-3240,-0.17,380,0.02,-3220,-0.17,-3240,-0.81,5
1,多頭進場,2026-04-16 03:35,L_Cmd,37255,1,1862750,-3240,-0.17,380,0.02,-3220,-0.17,-3240,-0.81,5
2,多頭出場,2026-04-16 15:05,L_Exit,37393,1,1878450,-8840,-0.47,4830,0.26,-8820,-0.47,-12100,-3.02,3
2,多頭進場,2026-04-16 13:35,L_Cmd,37569,1,1878450,-8840,-0.47,4830,0.26,-8820,-0.47,-12100,-3.02,3
3,多頭出場,2026-04-16 16:10,L_Exit_Add,37274,1,1878250,-14590,-0.78,30,0.00,-14570,-0.78,-26670,-6.67,14
3,多頭進場,2026-04-16 15:00,L_Add,37565,1,1878250,-14590,-0.78,30,0.00,-14570,-0.78,-26670,-6.67,14
4,多頭出場,2026-04-17 11:00,L_Cmd_Fast,37227,1,1868250,-6940,-0.37,1230,0.07,-7770,-0.42,-33610,-8.40,8
4,多頭進場,2026-04-17 10:20,L_Cmd,37365,1,1868250,-6940,-0.37,1230,0.07,-7770,-0.42,-33610,-8.40,8
5,多頭出場,2026-04-17 21:45,L_Exit,37652,1,1890950,-8390,-0.44,1480,0.08,-8370,-0.44,-42000,-10.50,7
5,多頭進場,2026-04-17 21:10,L_Cmd,37819,1,1890950,-8390,-0.44,1480,0.08,-8370,-0.44,-42000,-10.50,7
6,多頭出場,2026-04-18 01:15,L_Cmd_Fast,37749,1,1892900,-5490,-0.29,6680,0.35,-7720,-0.41,-47510,-11.88,36
6,多頭進場,2026-04-17 22:15,L_Cmd,37858,1,1892900,-5490,-0.29,6680,0.35,-7720,-0.41,-47510,-11.88,36
7,多頭出場,2026-04-18 01:20,L_Exit_Add,37634,1,1897350,-15690,-0.83,2230,0.12,-15670,-0.83,-63180,-15.79,33
7,多頭進場,2026-04-17 22:35,L_Add,37947,1,1897350,-15690,-0.83,2230,0.12,-15670,-0.83,-63180,-15.79,33
8,多頭出場,2026-04-20 22:50,L_Exit,37479,1,1881900,-7990,-0.42,1180,0.06,-7970,-0.42,-71170,-17.79,5
8,多頭進場,2026-04-20 22:25,L_Cmd,37638,1,1881900,-7990,-0.42,1180,0.06,-7970,-0.42,-71170,-17.79,5
9,多頭出場,2026-04-21 00:05,L_Cmd_Fast,37516,1,1877150,-1390,-0.07,1130,0.06,-1920,-0.10,-72560,-18.14,6
9,多頭進場,2026-04-20 23:35,L_Cmd,37543,1,1877150,-1390,-0.07,1130,0.06,-1920,-0.10,-72560,-18.14,6
10,多頭出場,2026-04-21 09:10,L_Exit,37847,1,1899600,-7290,-0.38,3980,0.21,-7270,-0.38,-79850,-19.96,1
10,多頭進場,2026-04-21 09:05,L_Cmd,37992,1,1899600,-7290,-0.38,3980,0.21,-7270,-0.38,-79850,-19.96,1
11,多頭出場,2026-04-21 22:30,L_Cmd_Fast,37967,1,1898800,-490,-0.03,4080,0.21,-1220,-0.06,-80360,-20.09,5
11,多頭進場,2026-04-21 22:05,L_Cmd,37976,1,1898800,-490,-0.03,4080,0.21,-1220,-0.06,-80360,-20.09,5
12,多頭出場,2026-04-21 22:45,Trend Rev,37928,1,1902250,-5890,-0.31,430,0.02,-6120,-0.32,-86230,-21.56,7
12,多頭進場,2026-04-21 22:10,L_Add,38045,1,1902250,-5890,-0.31,430,0.02,-6120,-0.32,-86230,-21.56,7
13,多頭出場,2026-04-22 10:20,L_Exit_G,38326,1,1900550,15710,0.83,15780,0.83,-4420,-0.23,-70580,-17.64,18
13,多頭進場,2026-04-22 08:50,L_Cmd,38011,1,1900550,15710,0.83,15780,0.83,-4420,-0.23,-70580,-17.64,18
14,多頭出場,2026-04-22 11:30,L_Exit_G,38359,1,1905700,12210,0.64,12280,0.64,-120,-0.01,-58370,-14.59,25
14,多頭進場,2026-04-22 09:25,L_Add,38114,1,1905700,12210,0.64,12280,0.64,-120,-0.01,-58370,-14.59,25
15,多頭出場,2026-04-22 12:00,L_G_Cut,38207,1,1908250,2060,0.11,10180,0.53,-1870,-0.10,-56310,-14.08,30
15,多頭進場,2026-04-22 09:30,L_Add,38165,1,1908250,2060,0.11,10180,0.53,-1870,-0.10,-56310,-14.08,30
16,多頭出場,2026-04-22 12:30,L_Cmd_Fast,38165,1,1912150,-3940,-0.21,6280,0.33,-5770,-0.30,-60230,-15.06,34
16,多頭進場,2026-04-22 09:40,L_G_進,38243,1,1912150,-3940,-0.21,6280,0.33,-5770,-0.30,-60230,-15.06,34
17,多頭出場,2026-04-22 16:30,Trend Rev,38104,1,1914900,-9740,-0.51,3530,0.18,-11120,-0.58,-69950,-17.49,59
17,多頭進場,2026-04-22 10:25,L_G_進,38298,1,1914900,-9740,-0.51,3530,0.18,-11120,-0.58,-69950,-17.49,59
18,多頭出場,2026-04-22 16:30,Trend Rev,38104,1,1917900,-12740,-0.66,530,0.03,-14120,-0.74,-82670,-20.67,45
18,多頭進場,2026-04-22 11:35,L_G_進,38358,1,1917900,-12740,-0.66,530,0.03,-14120,-0.74,-82670,-20.67,45
19,多頭出場,2026-04-23 01:00,L_Exit_G,38547,1,1916500,10810,0.56,10880,0.57,-220,-0.01,-71920,-17.98,32
19,多頭進場,2026-04-22 22:20,L_Cmd,38330,1,1916500,10810,0.56,10880,0.57,-220,-0.01,-71920,-17.98,32
20,多頭出場,2026-04-23 01:10,L_Exit,38576,1,1920000,8760,0.46,8830,0.46,-1870,-0.10,-63140,-15.78,33
20,多頭進場,2026-04-22 22:25,L_Add,38400,1,1920000,8760,0.46,8830,0.46,-1870,-0.10,-63140,-15.78,33
21,多頭出場,2026-04-23 01:50,L_Exit_Add,38590,1,1922000,7460,0.39,7530,0.39,-3870,-0.20,-55660,-13.91,40
21,多頭進場,2026-04-22 22:30,L_Add,38440,1,1922000,7460,0.39,7530,0.39,-3870,-0.20,-55660,-13.91,40
22,多頭出場,2026-04-23 03:10,L_Exit_Add,38601,1,1922750,7260,0.38,7680,0.40,-4620,-0.24,-48400,-12.10,54
22,多頭進場,2026-04-22 22:40,L_G_進,38455,1,1922750,7260,0.38,7680,0.40,-4620,-0.24,-48400,-12.10,54
23,多頭出場,2026-04-23 04:55,L_Exit_Add,38757,1,1930050,7760,0.40,7830,0.41,-1570,-0.08,-40640,-10.16,21
23,多頭進場,2026-04-23 03:10,L_Add,38601,1,1930050,7760,0.40,7830,0.41,-1570,-0.08,-40640,-10.16,21
24,多頭出場,2026-04-23 09:00,L_Exit_Add,38872,1,1933100,10460,0.54,10530,0.54,-5220,-0.27,-30160,-7.54,16
24,多頭進場,2026-04-23 03:55,L_Add,38662,1,1933100,10460,0.54,10530,0.54,-5220,-0.27,-30160,-7.54,16
25,多頭出場,2026-04-24 00:40,L_Exit_G,38422,1,1910200,10860,0.57,10930,0.57,-6070,-0.32,-19360,-4.84,35
25,多頭進場,2026-04-23 21:45,L_Cmd,38204,1,1910200,10860,0.57,10930,0.57,-6070,-0.32,-19360,-4.84,35
26,多頭出場,2026-04-24 01:05,L_G_Cut,38232,1,1913550,-1990,-0.10,8130,0.42,-3520,-0.18,-21350,-5.34,27
26,多頭進場,2026-04-23 22:50,L_Add,38271,1,1913550,-1990,-0.10,8130,0.42,-3520,-0.18,-21350,-5.34,27
27,多頭出場,2026-04-24 01:05,L_Cmd_Fast,38232,1,1915300,-3740,-0.20,6380,0.33,-5270,-0.28,-25070,-6.27,26
27,多頭進場,2026-04-23 22:55,L_Add,38306,1,1915300,-3740,-0.20,6380,0.33,-5270,-0.28,-25070,-6.27,26
28,多頭出場,2026-04-24 01:10,Trend Rev,38079,1,1916500,-12590,-0.66,5180,0.27,-13220,-0.69,-37640,-9.41,26
28,多頭進場,2026-04-23 23:00,L_G_進,38330,1,1916500,-12590,-0.66,5180,0.27,-13220,-0.69,-37640,-9.41,26
29,多頭出場,2026-04-24 01:10,Trend Rev,38079,1,1920900,-16990,-0.88,780,0.04,-17620,-0.92,-54610,-13.65,5
29,多頭進場,2026-04-24 00:45,L_G_進,38418,1,1920900,-16990,-0.88,780,0.04,-17620,-0.92,-54610,-13.65,5
30,多頭出場,2026-04-24 09:30,L_Exit_G,38818,1,1925950,14910,0.77,14980,0.78,-720,-0.04,-39760,-9.94,5
30,多頭進場,2026-04-24 09:05,L_Cmd,38519,1,1925950,14910,0.77,14980,0.78,-720,-0.04,-39760,-9.94,5
31,多頭出場,2026-04-24 09:45,L_Exit,38983,1,1930850,18260,0.95,18330,0.95,-4970,-0.26,-21480,-5.37,7
31,多頭進場,2026-04-24 09:10,L_Add,38617,1,1930850,18260,0.95,18330,0.95,-4970,-0.26,-21480,-5.37,7
32,多頭出場,2026-04-24 09:45,L_Exit_Add,38983,1,1933500,15610,0.81,15680,0.81,-1670,-0.09,-5850,-1.46,4
32,多頭進場,2026-04-24 09:25,L_Add,38670,1,1933500,15610,0.81,15680,0.81,-1670,-0.09,-5850,-1.46,4
33,多頭出場,2026-04-24 09:45,L_Exit_Add,38983,1,1937350,11760,0.61,11830,0.61,-5520,-0.28,5930,1.48,3
33,多頭進場,2026-04-24 09:30,L_G_進,38747,1,1937350,11760,0.61,11830,0.61,-5520,-0.28,5930,1.48,3
34,多頭出場,2026-04-24 10:20,L_Exit,38646,1,1948900,-16640,-0.85,4930,0.25,-16620,-0.85,-10710,-2.68,6
34,多頭進場,2026-04-24 09:50,L_Cmd,38978,1,1948900,-16640,-0.85,4930,0.25,-16620,-0.85,-10710,-2.68,6
35,多頭出場,2026-04-24 15:00,L_Exit_G,39274,1,1946450,17210,0.88,17280,0.89,-2370,-0.12,6440,1.61,18
35,多頭進場,2026-04-24 12:15,L_Cmd,38929,1,1946450,17210,0.88,17280,0.89,-2370,-0.12,6440,1.61,18
36,多頭出場,2026-04-24 19:05,L_Exit,39487,1,1955450,18860,0.96,18930,0.97,-2570,-0.13,25320,6.33,60
36,多頭進場,2026-04-24 12:50,L_Add,39109,1,1955450,18860,0.96,18930,0.97,-2570,-0.13,25320,6.33,60
37,多頭出場,2026-04-24 19:05,L_Exit_Add,39487,1,1959300,15010,0.77,15080,0.77,-2920,-0.15,40350,10.09,54
37,多頭進場,2026-04-24 13:20,L_Add,39186,1,1959300,15010,0.77,15080,0.77,-2920,-0.15,40350,10.09,54
38,多頭出場,2026-04-24 19:05,L_Exit_Add,39487,1,1960050,14260,0.73,14330,0.73,-3670,-0.19,54630,13.66,53
38,多頭進場,2026-04-24 13:25,L_G_進,39201,1,1960050,14260,0.73,14330,0.73,-3670,-0.19,54630,13.66,53
39,多頭出場,2026-04-25 03:45,L_Cmd_Fast,39741,1,1993550,-6540,-0.33,130,0.01,-9420,-0.47,48090,12.02,38
39,多頭進場,2026-04-25 00:35,L_Cmd,39871,1,1993550,-6540,-0.33,130,0.01,-9420,-0.47,48090,12.02,38
40,多頭出場,2026-04-27 09:15,L_Exit,40023,1,2011400,-10290,-0.51,5480,0.27,-10270,-0.51,37800,9.45,2
40,多頭進場,2026-04-27 09:05,L_Cmd,40228,1,2011400,-10290,-0.51,5480,0.27,-10270,-0.51,37800,9.45,2
41,多頭出場,2026-04-27 09:50,L_Exit,40105,1,2021250,-16040,-0.79,1030,0.05,-16020,-0.79,21760,5.44,5
41,多頭進場,2026-04-27 09:25,L_Cmd,40425,1,2021250,-16040,-0.79,1030,0.05,-16020,-0.79,21760,5.44,5
42,多頭出場,2026-04-28 09:15,L_Exit,40177,1,1997150,11660,0.58,11730,0.59,-5770,-0.29,33400,8.35,5
42,多頭進場,2026-04-28 08:50,L_Cmd,39943,1,1997150,11660,0.58,11730,0.59,-5770,-0.29,33400,8.35,5
43,多頭出場,2026-04-28 09:30,L_Exit_Add,40287,1,1999850,14460,0.72,14530,0.73,-120,-0.01,47820,11.96,3
43,多頭進場,2026-04-28 09:15,L_Add,39997,1,1999850,14460,0.72,14530,0.73,-120,-0.01,47820,11.96,3
44,多頭出場,2026-04-28 09:30,L_Exit_G,40287,1,2006500,7810,0.39,7880,0.39,-2320,-0.12,55650,13.91,2
44,多頭進場,2026-04-28 09:20,L_Add,40130,1,2006500,7810,0.39,7880,0.39,-2320,-0.12,55650,13.91,2
45,多頭出場,2026-04-28 10:00,L_Exit_Add,39915,1,2007500,-11790,-0.59,9780,0.49,-11770,-0.59,43860,10.97,7
45,多頭進場,2026-04-28 09:25,L_Add,40150,1,2007500,-11790,-0.59,9780,0.49,-11770,-0.59,43860,10.97,7
46,多頭出場,2026-04-28 13:10,Trend Rev,39862,1,2011200,-18140,-0.90,6080,0.30,-18620,-0.93,25740,6.44,44
46,多頭進場,2026-04-28 09:30,L_G_進,40224,1,2011200,-18140,-0.90,6080,0.30,-18620,-0.93,25740,6.44,44
47,多頭出場,2026-04-28 13:10,Trend Rev,39862,1,2015400,-22340,-1.11,1880,0.09,-22820,-1.13,3420,0.86,42
47,多頭進場,2026-04-28 09:40,L_Add,40308,1,2015400,-22340,-1.11,1880,0.09,-22820,-1.13,3420,0.86,42
48,多頭出場,2026-04-29 13:10,L_Cmd_Fast,39512,1,1978450,-2890,-0.15,7230,0.37,-3070,-0.16,510,0.13,18
48,多頭進場,2026-04-29 11:40,L_Cmd,39569,1,1978450,-2890,-0.15,7230,0.37,-3070,-0.16,510,0.13,18
49,多頭出場,2026-04-29 13:20,Trend Rev,39450,1,1984500,-12040,-0.61,1080,0.05,-12170,-0.61,-11510,-2.88,14
49,多頭進場,2026-04-29 12:10,L_Add,39690,1,1984500,-12040,-0.61,1080,0.05,-12170,-0.61,-11510,-2.88,14
50,多頭出場,2026-04-29 23:15,L_Cmd_Fast,39438,1,1975200,-3340,-0.17,3280,0.17,-4570,-0.23,-14850,-3.71,10
50,多頭進場,2026-04-29 22:25,L_Cmd,39504,1,1975200,-3340,-0.17,3280,0.17,-4570,-0.23,-14850,-3.71,10
51,多頭出場,2026-05-01 03:50,L_Exit,40229,1,1993050,18360,0.92,18430,0.92,-4170,-0.21,3450,0.86,56
51,多頭進場,2026-04-30 23:10,L_Cmd,39861,1,1993050,18360,0.92,18430,0.92,-4170,-0.21,3450,0.86,56
52,多頭出場,2026-05-01 03:50,L_Exit_G,40229,1,2005750,5660,0.28,5730,0.29,-370,-0.02,9130,2.28,9
52,多頭進場,2026-05-01 03:05,L_Add,40115,1,2005750,5660,0.28,5730,0.29,-370,-0.02,9130,2.28,9
53,多頭出場,2026-05-04 08:45,L_Exit_Add,40447,1,2007250,15060,0.75,15130,0.75,-8870,-0.44,24210,6.05,22
53,多頭進場,2026-05-01 03:10,L_Add,40145,1,2007250,15060,0.75,15130,0.75,-8870,-0.44,24210,6.05,22
54,多頭出場,2026-05-04 08:45,L_Exit_Add,40447,1,2007650,14660,0.73,14730,0.73,-9270,-0.46,38890,9.72,21
54,多頭進場,2026-05-01 03:15,L_G_進,40153,1,2007650,14660,0.73,14730,0.73,-9270,-0.46,38890,9.72,21
55,多頭出場,2026-05-04 09:40,L_Exit_G,40597,1,2013200,16610,0.83,16680,0.83,-5020,-0.25,55440,13.86,10
55,多頭進場,2026-05-04 08:50,L_Cmd,40264,1,2013200,16610,0.83,16680,0.83,-5020,-0.25,55440,13.86,10
56,多頭出場,2026-05-04 09:45,L_Exit,40636,1,2017550,14210,0.70,14280,0.71,-3220,-0.16,69650,17.41,7
56,多頭進場,2026-05-04 09:10,L_Add,40351,1,2017550,14210,0.70,14280,0.71,-3220,-0.16,69650,17.41,7
57,多頭出場,2026-05-04 10:10,L_Exit_G,40694,1,2025800,8860,0.44,8930,0.44,-11470,-0.57,78510,19.63,11
57,多頭進場,2026-05-04 09:15,L_Add,40516,1,2025800,8860,0.44,8930,0.44,-11470,-0.57,78510,19.63,11
58,多頭出場,2026-05-04 10:20,L_Exit_Add,40717,1,2023700,12110,0.60,12180,0.60,-9370,-0.46,90620,22.66,12
58,多頭進場,2026-05-04 09:20,L_G_進,40474,1,2023700,12110,0.60,12180,0.60,-9370,-0.46,90620,22.66,12
59,多頭出場,2026-05-04 10:25,L_Exit_G,40729,1,2029650,6760,0.33,6830,0.34,-3970,-0.20,97400,24.35,8
59,多頭進場,2026-05-04 09:45,L_G_進,40593,1,2029650,6760,0.33,6830,0.34,-3970,-0.20,97400,24.35,8
60,多頭出場,2026-05-04 10:30,L_Exit_G,40787,1,2031750,7560,0.37,7630,0.38,-4970,-0.24,104980,26.25,6
60,多頭進場,2026-05-04 10:00,L_G_進,40635,1,2031750,7560,0.37,7630,0.38,-4970,-0.24,104980,26.25,6
61,多頭出場,2026-05-04 10:40,L_Exit_Add,40904,1,2034500,10660,0.52,10730,0.53,-3420,-0.17,115620,28.90,5
61,多頭進場,2026-05-04 10:15,L_G_進,40690,1,2034500,10660,0.52,10730,0.53,-3420,-0.17,115620,28.90,5
62,多頭出場,2026-05-04 13:40,L_Exit_G,41073,1,2039000,14610,0.72,14680,0.72,-820,-0.04,130210,32.55,37
62,多頭進場,2026-05-04 10:35,L_Add,40780,1,2039000,14610,0.72,14680,0.72,-820,-0.04,130210,32.55,37
63,多頭出場,2026-05-04 15:15,L_Exit_Add,41165,1,2043500,14710,0.72,14780,0.72,-1620,-0.08,144920,36.23,41
63,多頭進場,2026-05-04 10:40,L_Add,40870,1,2043500,14710,0.72,14780,0.72,-1620,-0.08,144920,36.23,41
64,多頭出場,2026-05-04 15:15,L_Exit_G,41165,1,2046350,11860,0.58,11930,0.58,-3220,-0.16,156800,39.20,38
64,多頭進場,2026-05-04 10:55,L_Add,40927,1,2046350,11860,0.58,11930,0.58,-3220,-0.16,156800,39.20,38
65,多頭出場,2026-05-04 18:10,Trend Rev,40657,1,2048200,-15390,-0.75,10980,0.54,-18220,-0.89,141430,35.36,71
65,多頭進場,2026-05-04 11:05,L_G_進,40964,1,2048200,-15390,-0.75,10980,0.54,-18220,-0.89,141430,35.36,71
66,多頭出場,2026-05-04 18:10,Trend Rev,40657,1,2052100,-19290,-0.94,7080,0.35,-22120,-1.08,122160,30.54,39
66,多頭進場,2026-05-04 13:45,L_G_進,41042,1,2052100,-19290,-0.94,7080,0.35,-22120,-1.08,122160,30.54,39
67,多頭出場,2026-05-05 09:25,L_Exit,40886,1,2051900,-7640,-0.37,2630,0.13,-7620,-0.37,114520,28.63,4
67,多頭進場,2026-05-05 09:05,L_Cmd,41038,1,2051900,-7640,-0.37,2630,0.13,-7620,-0.37,114520,28.63,4
68,多頭出場,2026-05-05 23:50,L_Exit,41535,1,2066750,9960,0.48,10030,0.49,-4220,-0.20,124420,31.11,32
68,多頭進場,2026-05-05 21:10,L_Cmd,41335,1,2066750,9960,0.48,10030,0.49,-4220,-0.20,124420,31.11,32
69,多頭出場,2026-05-05 23:55,L_Exit_G,41545,1,2071800,5410,0.26,5480,0.26,-9270,-0.45,129830,32.46,24
69,多頭進場,2026-05-05 21:55,L_Add,41436,1,2071800,5410,0.26,5480,0.26,-9270,-0.45,129830,32.46,24
70,多頭出場,2026-05-06 03:15,L_G_Cut,41472,1,2072650,910,0.04,5780,0.28,-10120,-0.49,130740,32.68,63
70,多頭進場,2026-05-05 22:00,L_Add,41453,1,2072650,910,0.04,5780,0.28,-10120,-0.49,130740,32.68,63
71,多頭出場,2026-05-06 03:15,L_G_Cut,41472,1,2073150,410,0.02,5280,0.25,-2570,-0.12,131170,32.79,42
71,多頭進場,2026-05-05 23:45,L_G_進,41463,1,2073150,410,0.02,5280,0.25,-2570,-0.12,131170,32.79,42
72,多頭出場,2026-05-06 08:45,L_Exit_Add,41704,1,2076850,8310,0.40,8380,0.40,-6270,-0.30,139500,34.88,61
72,多頭進場,2026-05-05 23:55,L_G_進,41537,1,2076850,8310,0.40,8380,0.40,-6270,-0.30,139500,34.88,61
73,多頭出場,2026-05-06 08:45,L_Exit_Add,41704,1,2076750,8410,0.40,8480,0.41,-6170,-0.30,147930,36.98,59
73,多頭進場,2026-05-06 00:05,L_G_進,41535,1,2076750,8410,0.40,8480,0.41,-6170,-0.30,147930,36.98,59
74,多頭出場,2026-05-06 09:05,L_Exit,41866,1,2083000,10260,0.49,10330,0.50,-1220,-0.06,158170,39.54,3
74,多頭進場,2026-05-06 08:50,L_Cmd,41660,1,2083000,10260,0.49,10330,0.50,-1220,-0.06,158170,39.54,3
75,多頭出場,2026-05-06 09:45,L_Exit_Add,41664,1,2090300,-7140,-0.34,9780,0.47,-7120,-0.34,151010,37.75,8
75,多頭進場,2026-05-06 09:05,L_Add,41806,1,2090300,-7140,-0.34,9780,0.47,-7120,-0.34,151010,37.75,8
76,多頭出場,2026-05-06 09:45,L_Exit_Add,41626,1,2097100,-15840,-0.76,2980,0.14,-15820,-0.75,135190,33.80,6
76,多頭進場,2026-05-06 09:15,L_Add,41942,1,2097100,-15840,-0.76,2980,0.14,-15820,-0.75,135190,33.80,6
77,多頭出場,2026-05-06 09:45,L_Exit_Add,41490,1,2099000,-24540,-1.17,1080,0.05,-24520,-1.17,110670,27.67,5
77,多頭進場,2026-05-06 09:20,L_Add,41980,1,2099000,-24540,-1.17,1080,0.05,-24520,-1.17,110670,27.67,5
78,多頭出場,2026-05-06 16:50,L_Exit,41882,1,2069600,24460,1.18,24530,1.19,-2820,-0.14,135110,33.78,36
78,多頭進場,2026-05-06 12:35,L_Cmd,41392,1,2069600,24460,1.18,24530,1.19,-2820,-0.14,135110,33.78,36
79,多頭出場,2026-05-06 16:50,L_Exit_Add,41882,1,2077350,16710,0.80,16780,0.81,-6720,-0.32,151840,37.96,27
79,多頭進場,2026-05-06 13:20,L_Add,41547,1,2077350,16710,0.80,16780,0.81,-6720,-0.32,151840,37.96,27
80,多頭出場,2026-05-06 22:05,L_Cmd_Fast,41789,1,2094100,-4690,-0.22,2380,0.11,-5170,-0.25,147150,36.79,4
80,多頭進場,2026-05-06 21:45,L_Cmd,41882,1,2094100,-4690,-0.22,2380,0.11,-5170,-0.25,147150,36.79,4
81,多頭出場,2026-05-07 03:20,L_Exit_G,42205,1,2094500,15710,0.75,15780,0.75,-1420,-0.07,162800,40.70,55
81,多頭進場,2026-05-06 22:45,L_Cmd,41890,1,2094500,15710,0.75,15780,0.75,-1420,-0.07,162800,40.70,55
82,多頭出場,2026-05-07 03:50,L_Exit_Add,42233,1,2099050,12560,0.60,12630,0.60,-4770,-0.23,175360,43.84,54
82,多頭進場,2026-05-06 23:20,L_Add,41981,1,2099050,12560,0.60,12630,0.60,-4770,-0.23,175360,43.84,54
83,多頭出場,2026-05-07 04:10,L_Exit,42264,1,2101450,11710,0.56,11780,0.56,-7170,-0.34,187070,46.77,55
83,多頭進場,2026-05-06 23:35,L_Add,42029,1,2101450,11710,0.56,11780,0.56,-7170,-0.34,187070,46.77,55
84,多頭出場,2026-05-07 04:10,L_Exit_Add,42264,1,2107300,5860,0.28,5930,0.28,-370,-0.02,192950,48.24,13
84,多頭進場,2026-05-07 03:05,L_G_進,42146,1,2107300,5860,0.28,5930,0.28,-370,-0.02,192950,48.24,13
85,多頭出場,2026-05-07 04:10,L_Exit_G,42264,1,2110000,3160,0.15,3230,0.15,-1870,-0.09,196130,49.03,9
85,多頭進場,2026-05-07 03:25,L_G_進,42200,1,2110000,3160,0.15,3230,0.15,-1870,-0.09,196130,49.03,9
86,多頭出場,2026-05-07 04:20,L_Exit_G,42277,1,2111500,2310,0.11,2380,0.11,-3370,-0.16,198460,49.61,5
86,多頭進場,2026-05-07 03:55,L_G_進,42230,1,2111500,2310,0.11,2380,0.11,-3370,-0.16,198460,49.61,5
87,多頭出場,2026-05-07 12:35,L_Cmd_Fast,42296,1,2114750,10,0.00,8630,0.41,-3370,-0.16,198450,49.61,35
87,多頭進場,2026-05-07 09:40,L_Cmd,42295,1,2114750,10,0.00,8630,0.41,-3370,-0.16,198450,49.61,35
88,多頭出場,2026-05-07 17:15,Trend Rev,42250,1,2121500,-9040,-0.43,6180,0.29,-10120,-0.48,189430,47.36,74
88,多頭進場,2026-05-07 09:50,L_Add,42430,1,2121500,-9040,-0.43,6180,0.29,-10120,-0.48,189430,47.36,74
89,多頭出場,2026-05-08 10:05,L_Exit,42062,1,2112800,-9740,-0.46,4280,0.20,-9720,-0.46,179690,44.92,10
89,多頭進場,2026-05-08 09:15,L_Cmd,42256,1,2112800,-9740,-0.46,4280,0.20,-9720,-0.46,179690,44.92,10
90,多頭出場,2026-05-11 08:50,L_Cmd_Fast,42173,1,2108750,-140,-0.01,6230,0.30,-8020,-0.38,179530,44.88,85
90,多頭進場,2026-05-08 22:00,L_Cmd,42175,1,2108750,-140,-0.01,6230,0.30,-8020,-0.38,179530,44.88,85
91,多頭出場,2026-05-11 08:50,L_Exit_Add,42021,1,2112750,-11740,-0.56,2230,0.11,-11720,-0.55,167810,41.95,55
91,多頭進場,2026-05-09 00:30,L_Add,42255,1,2112750,-11740,-0.56,2230,0.11,-11720,-0.55,167810,41.95,55
92,多頭出場,2026-05-11 12:10,L_Cmd_Fast,42087,1,2105550,-1240,-0.06,1880,0.09,-1720,-0.08,166570,41.64,6
92,多頭進場,2026-05-11 11:40,L_Cmd,42111,1,2105550,-1240,-0.06,1880,0.09,-1720,-0.08,166570,41.64,6
93,多頭出場,2026-05-11 21:50,L_Exit,41928,1,2102000,-5640,-0.27,5330,0.25,-5620,-0.27,160910,40.23,4
93,多頭進場,2026-05-11 21:30,L_Cmd,42040,1,2102000,-5640,-0.27,5330,0.25,-5620,-0.27,160910,40.23,4
94,多頭出場,2026-05-11 21:55,Trend Rev,41939,1,2105250,-8340,-0.40,30,0.00,-9370,-0.45,152590,38.15,4
94,多頭進場,2026-05-11 21:35,L_Add,42105,1,2105250,-8340,-0.40,30,0.00,-9370,-0.45,152590,38.15,4
95,多頭出場,2026-05-12 03:30,L_Cmd_Fast,42234,1,2112050,-390,-0.02,6180,0.29,-3920,-0.19,152180,38.05,49
95,多頭進場,2026-05-11 23:25,L_Cmd,42241,1,2112050,-390,-0.02,6180,0.29,-3920,-0.19,152180,38.05,49
96,多頭出場,2026-05-12 09:15,L_Exit_Add,42073,1,2118050,-14440,-0.68,180,0.01,-14420,-0.68,137760,34.44,63
96,多頭進場,2026-05-12 00:15,L_Add,42361,1,2118050,-14440,-0.68,180,0.01,-14420,-0.68,137760,34.44,63
97,多頭出場,2026-05-12 11:20,Trend Rev,42076,1,2106550,-2790,-0.13,880,0.04,-3770,-0.18,134970,33.74,2
97,多頭進場,2026-05-12 11:10,L_Cmd,42131,1,2106550,-2790,-0.13,880,0.04,-3770,-0.18,134970,33.74,2
98,多頭出場,2026-05-12 13:00,L_Cmd_Fast,42050,1,2109550,-7090,-0.34,2930,0.14,-7070,-0.34,127880,31.97,11
98,多頭進場,2026-05-12 12:05,L_Cmd,42191,1,2109550,-7090,-0.34,2930,0.14,-7070,-0.34,127880,31.97,11
99,空頭出場,2026-05-12 23:15,S_Exit,40894,1,2059800,15060,0.73,15130,0.73,-3020,-0.15,142880,35.72,9
99,空頭進場,2026-05-12 22:30,S_Cmd,41196,1,2059800,15060,0.73,15130,0.73,-3020,-0.15,142880,35.72,9
100,空頭出場,2026-05-12 23:20,S_Exit_G,40821,1,2054750,13660,0.66,13730,0.67,-2270,-0.11,156540,39.14,6
100,空頭進場,2026-05-12 22:50,S_Add,41095,1,2054750,13660,0.66,13730,0.67,-2270,-0.11,156540,39.14,6
101,空頭出場,2026-05-12 23:55,S_Exit_Add,40806,1,2052200,11860,0.58,11930,0.58,-1920,-0.09,168400,42.10,11
101,空頭進場,2026-05-12 23:00,S_Add,41044,1,2052200,11860,0.58,11930,0.58,-1920,-0.09,168400,42.10,11
102,空頭出場,2026-05-13 00:00,S_Exit_G,40783,1,2048750,9560,0.47,9630,0.47,-720,-0.04,177960,44.49,9
102,空頭進場,2026-05-12 23:15,S_G_進,40975,1,2048750,9560,0.47,9630,0.47,-720,-0.04,177960,44.49,9
103,空頭出場,2026-05-13 00:40,S_Exit_Add,40757,1,2047150,9260,0.45,9330,0.46,-1170,-0.06,187240,46.81,16
103,空頭進場,2026-05-12 23:20,S_G_進,40943,1,2047150,9260,0.45,9330,0.46,-1170,-0.06,187240,46.81,16
104,空頭出場,2026-05-13 02:15,S_G_Cut,40932,1,2042000,-4640,-0.23,5080,0.25,-6320,-0.31,182620,45.66,34
104,空頭進場,2026-05-12 23:25,S_G_進,40840,1,2042000,-4640,-0.23,5080,0.25,-6320,-0.31,182620,45.66,34
105,空頭出場,2026-05-13 02:15,S_G_Cut,40932,1,2041400,-5240,-0.26,4480,0.22,-6920,-0.34,177400,44.35,27
105,空頭進場,2026-05-13 00:00,S_G_進,40828,1,2041400,-5240,-0.26,4480,0.22,-6920,-0.34,177400,44.35,27
106,空頭出場,2026-05-13 08:55,S_Cmd_Fast,41163,1,2052850,-5340,-0.26,3830,0.19,-5320,-0.26,172060,43.02,1
106,空頭進場,2026-05-13 08:50,S_Cmd,41057,1,2052850,-5340,-0.26,3830,0.19,-5320,-0.26,172060,43.02,1
107,多頭出場,2026-05-14 01:05,L_Exit_G,41780,1,2072350,16610,0.80,16680,0.80,-1470,-0.07,188610,47.15,35
107,多頭進場,2026-05-13 22:10,L_Cmd,41447,1,2072350,16610,0.80,16680,0.80,-1470,-0.07,188610,47.15,35
108,多頭出場,2026-05-14 01:30,L_Exit_Add,41837,1,2078900,12910,0.62,12980,0.62,-4970,-0.24,201540,50.39,37
108,多頭進場,2026-05-13 22:25,L_Add,41578,1,2078900,12910,0.62,12980,0.62,-4970,-0.24,201540,50.39,37
109,多頭出場,2026-05-14 03:15,L_Exit_Add,41776,1,2081150,7610,0.37,10730,0.52,-6320,-0.30,209150,52.29,42
109,多頭進場,2026-05-13 23:45,L_Add,41623,1,2081150,7610,0.37,10730,0.52,-6320,-0.30,209150,52.29,42
110,多頭出場,2026-05-14 03:55,L_Cmd_Fast,41706,1,2083200,2060,0.10,8680,0.42,-720,-0.03,211230,52.81,42
110,多頭進場,2026-05-14 00:25,L_G_進,41664,1,2083200,2060,0.10,8680,0.42,-720,-0.03,211230,52.81,42
111,多頭出場,2026-05-14 08:45,L_Exit_Add,41962,1,2087450,10610,0.51,10680,0.51,-3320,-0.16,221860,55.47,23
111,多頭進場,2026-05-14 03:05,L_Add,41749,1,2087450,10610,0.51,10680,0.51,-3320,-0.16,221860,55.47,23
112,多頭出場,2026-05-14 22:35,L_Exit,42326,1,2100250,16010,0.76,16080,0.77,-4170,-0.20,237810,59.45,9
112,多頭進場,2026-05-14 21:50,L_Cmd,42005,1,2100250,16010,0.76,16080,0.77,-4170,-0.20,237810,59.45,9
113,多頭出場,2026-05-14 22:35,L_Exit_G,42326,1,2103600,12660,0.60,12730,0.61,-170,-0.01,250490,62.62,4
113,多頭進場,2026-05-14 22:15,L_Add,42072,1,2103600,12660,0.60,12730,0.61,-170,-0.01,250490,62.62,4
114,多頭出場,2026-05-15 00:10,L_Exit_Add,42346,1,2107950,9310,0.44,9380,0.44,-2320,-0.11,259780,64.94,22
114,多頭進場,2026-05-14 22:20,L_Add,42159,1,2107950,9310,0.44,9380,0.44,-2320,-0.11,259780,64.94,22
115,多頭出場,2026-05-15 01:20,L_G_Cut,42234,1,2108200,3460,0.16,10630,0.50,-120,-0.01,263260,65.82,34
115,多頭進場,2026-05-14 22:30,L_G_進,42164,1,2108200,3460,0.16,10630,0.50,-120,-0.01,263260,65.82,34
116,多頭出場,2026-05-15 09:00,L_Exit_Add,42452,1,2115950,6610,0.31,6680,0.32,-6420,-0.30,269890,67.47,79
116,多頭進場,2026-05-14 22:40,L_Add,42319,1,2115950,6610,0.31,6680,0.32,-6420,-0.30,269890,67.47,79
117,多頭出場,2026-05-15 09:20,L_Exit_Add,42142,1,2114750,-7690,-0.36,7880,0.37,-7670,-0.36,262200,65.55,82
117,多頭進場,2026-05-14 22:45,L_G_進,42295,1,2114750,-7690,-0.36,7880,0.37,-7670,-0.36,262200,65.55,82
118,多頭出場,2026-05-15 09:20,L_Exit_Add,42087,1,2118700,-14390,-0.68,2480,0.12,-14370,-0.68,247830,61.96,3
118,多頭進場,2026-05-15 09:05,L_Add,42374,1,2118700,-14390,-0.68,2480,0.12,-14370,-0.68,247830,61.96,3
119,空頭出場,2026-05-15 13:05,S_Exit,41078,1,2070050,16110,0.78,16180,0.78,-520,-0.03,263900,65.97,4
119,空頭進場,2026-05-15 12:45,S_Cmd,41401,1,2070050,16110,0.78,16180,0.78,-520,-0.03,263900,65.97,4
120,空頭出場,2026-05-15 15:50,S_Exit_Add,40914,1,2060950,15210,0.74,15280,0.74,-470,-0.02,279090,69.77,20
120,空頭進場,2026-05-15 13:00,S_Add,41219,1,2060950,15210,0.74,15280,0.74,-470,-0.02,279090,69.77,20
121,空頭出場,2026-05-15 15:55,S_Exit_Add,40840,1,2059300,17260,0.84,17330,0.84,-1870,-0.09,296370,74.09,20
121,空頭進場,2026-05-15 13:05,S_Add,41186,1,2059300,17260,0.84,17330,0.84,-1870,-0.09,296370,74.09,20
122,空頭出場,2026-05-15 15:55,S_Exit_G,40840,1,2053300,11260,0.55,11330,0.55,-7870,-0.38,307650,76.91,13
122,空頭進場,2026-05-15 13:40,S_Add,41066,1,2053300,11260,0.55,11330,0.55,-7870,-0.38,307650,76.91,13
123,空頭出場,2026-05-15 16:00,S_Exit_Add,40771,1,2050050,11460,0.56,11530,0.56,-11120,-0.54,319130,79.78,13
123,空頭進場,2026-05-15 13:45,S_G_進,41001,1,2050050,11460,0.56,11530,0.56,-11120,-0.54,319130,79.78,13
124,空頭出場,2026-05-16 04:05,S_Exit,40501,1,2034900,9810,0.48,9880,0.49,-20,0.00,328920,82.23,2
124,空頭進場,2026-05-16 03:55,S_Cmd,40698,1,2034900,9810,0.48,9880,0.49,-20,0.00,328920,82.23,2
125,空頭出場,2026-05-18 08:45,S_Exit_Add,40149,1,2030250,22760,1.12,22830,1.12,-20,0.00,351680,87.92,11
125,空頭進場,2026-05-16 04:05,S_Add,40605,1,2030250,22760,1.12,22830,1.12,-20,0.00,351680,87.92,11
126,空頭出場,2026-05-18 08:45,S_Exit_Add,40149,1,2025450,17960,0.89,18030,0.89,-3170,-0.16,369660,92.42,10
126,空頭進場,2026-05-16 04:10,S_Add,40509,1,2025450,17960,0.89,18030,0.89,-3170,-0.16,369660,92.42,10
127,空頭出場,2026-05-18 09:00,S_Exit,40578,1,2020700,-8240,-0.41,3130,0.15,-8220,-0.41,361420,90.35,2
127,空頭進場,2026-05-18 08:50,S_Cmd,40414,1,2020700,-8240,-0.41,3130,0.15,-8220,-0.41,361420,90.35,2
128,空頭出場,2026-05-18 22:10,Trend Rev,41118,1,2052700,-3240,-0.16,4430,0.22,-4170,-0.20,358180,89.55,1
128,空頭進場,2026-05-18 22:05,S_Cmd,41054,1,2052700,-3240,-0.16,4430,0.22,-4170,-0.20,358180,89.55,1
129,空頭出場,2026-05-19 02:25,S_Exit,40524,1,2043100,16860,0.83,16930,0.83,-7320,-0.36,375000,93.75,46
129,空頭進場,2026-05-18 22:35,S_Cmd,40862,1,2043100,16860,0.83,16930,0.83,-7320,-0.36,375000,93.75,46
130,空頭出場,2026-05-19 03:45,Trend Rev,40880,1,2036300,-7740,-0.38,10130,0.50,-10620,-0.52,367280,91.82,51
130,空頭進場,2026-05-18 23:30,S_Add,40726,1,2036300,-7740,-0.38,10130,0.50,-10620,-0.52,367280,91.82,51
131,空頭出場,2026-05-19 03:45,Trend Rev,40880,1,2033950,-10090,-0.50,7780,0.38,-11320,-0.56,357210,89.30,36
131,空頭進場,2026-05-19 00:45,S_Add,40679,1,2033950,-10090,-0.50,7780,0.38,-11320,-0.56,357210,89.30,36
132,空頭出場,2026-05-19 12:00,S_Exit,40259,1,2029050,16060,0.79,16130,0.79,-670,-0.03,373230,93.31,24
132,空頭進場,2026-05-19 10:00,S_Cmd,40581,1,2029050,16060,0.79,16130,0.79,-670,-0.03,373230,93.31,24
133,空頭出場,2026-05-19 13:05,S_Exit_G,40215,1,2023500,12710,0.63,12780,0.63,-6220,-0.31,385920,96.48,35
133,空頭進場,2026-05-19 10:10,S_Add,40470,1,2023500,12710,0.63,12780,0.63,-6220,-0.31,385920,96.48,35
134,空頭出場,2026-05-19 13:20,S_Exit_Add,40190,1,2020400,10860,0.54,10930,0.54,-9320,-0.46,396800,99.20,35
134,空頭進場,2026-05-19 10:25,S_Add,40408,1,2020400,10860,0.54,10930,0.54,-9320,-0.46,396800,99.20,35
135,空頭出場,2026-05-19 15:45,Trend Rev,40608,1,2015350,-15090,-0.75,5880,0.29,-16520,-0.82,381730,95.43,29
135,空頭進場,2026-05-19 12:05,S_Add,40307,1,2015350,-15090,-0.75,5880,0.29,-16520,-0.82,381730,95.43,29
136,空頭出場,2026-05-19 15:45,Trend Rev,40608,1,2014450,-15990,-0.79,4980,0.25,-17420,-0.86,365760,91.44,28
136,空頭進場,2026-05-19 12:10,S_G_進,40289,1,2014450,-15990,-0.79,4980,0.25,-17420,-0.86,365760,91.44,28
137,空頭出場,2026-05-19 23:15,S_Cmd_Fast,40144,1,1997850,-9390,-0.47,2680,0.13,-10320,-0.52,356370,89.09,11
137,空頭進場,2026-05-19 22:20,S_Cmd,39957,1,1997850,-9390,-0.47,2680,0.13,-10320,-0.52,356370,89.09,11
138,空頭出場,2026-05-20 08:50,S_Exit,40119,1,2015800,9810,0.49,9880,0.49,-2270,-0.11,366160,91.54,14
138,空頭進場,2026-05-20 03:55,S_Cmd,40316,1,2015800,9810,0.49,9880,0.49,-2270,-0.11,366160,91.54,14
139,空頭出場,2026-05-20 09:10,S_Exit_Add,40391,1,2009000,-10590,-0.53,3180,0.16,-10570,-0.53,355590,88.90,4
139,空頭進場,2026-05-20 08:50,S_Add,40180,1,2009000,-10590,-0.53,3180,0.16,-10570,-0.53,355590,88.90,4
140,空頭出場,2026-05-20 12:10,S_Cmd_Fast,40251,1,2005650,-6940,-0.35,5380,0.27,-7470,-0.37,348650,87.16,11
140,空頭進場,2026-05-20 11:15,S_Cmd,40113,1,2005650,-6940,-0.35,5380,0.27,-7470,-0.37,348650,87.16,11
141,多頭出場,2026-05-21 09:10,L_Exit,41341,1,2054500,12510,0.61,12580,0.61,-1520,-0.07,361120,90.28,4
141,多頭進場,2026-05-21 08:50,L_Cmd,41090,1,2054500,12510,0.61,12580,0.61,-1520,-0.07,361120,90.28,4
142,多頭出場,2026-05-21 09:15,L_Exit_Add,41426,1,2058150,13110,0.64,13180,0.64,-120,-0.01,374230,93.56,2
142,多頭進場,2026-05-21 09:05,L_Add,41163,1,2058150,13110,0.64,13180,0.64,-120,-0.01,374230,93.56,2
143,多頭出場,2026-05-21 10:00,L_Exit_Add,41531,1,2063800,12710,0.62,12780,0.62,-970,-0.05,386920,96.73,10
143,多頭進場,2026-05-21 09:10,L_Add,41276,1,2063800,12710,0.62,12780,0.62,-970,-0.05,386920,96.73,10
144,多頭出場,2026-05-21 10:00,L_Exit_G,41531,1,2066700,9810,0.47,9880,0.48,-1320,-0.06,396750,99.19,9
144,多頭進場,2026-05-21 09:15,L_Add,41334,1,2066700,9810,0.47,9880,0.48,-1320,-0.06,396750,99.19,9
145,多頭出場,2026-05-21 11:10,L_Exit_Add,41612,1,2071500,9060,0.44,9130,0.44,-3670,-0.18,405790,101.45,20
145,多頭進場,2026-05-21 09:30,L_Add,41430,1,2071500,9060,0.44,9130,0.44,-3670,-0.18,405790,101.45,20
146,多頭出場,2026-05-21 11:10,L_Exit_G,41612,1,2073300,7260,0.35,7330,0.35,-5320,-0.26,413070,103.27,19
146,多頭進場,2026-05-21 09:35,L_G_進,41466,1,2073300,7260,0.35,7330,0.35,-5320,-0.26,413070,103.27,19
147,多頭出場,2026-05-21 13:30,L_G_Cut,41556,1,2075900,1860,0.09,7480,0.36,-6920,-0.33,414910,103.73,38
147,多頭進場,2026-05-21 10:20,L_Add,41518,1,2075900,1860,0.09,7480,0.36,-6920,-0.33,414910,103.73,38
148,多頭出場,2026-05-21 15:00,L_Exit_Add,41247,1,2077150,-14840,-0.71,6230,0.30,-14820,-0.71,400090,100.02,33
148,多頭進場,2026-05-21 11:05,L_G_進,41543,1,2077150,-14840,-0.71,6230,0.30,-14820,-0.71,400090,100.02,33
149,多頭出場,2026-05-21 18:30,Trend Rev,41348,1,2079750,-12390,-0.60,3630,0.17,-19770,-0.95,387720,96.93,73
149,多頭進場,2026-05-21 11:15,L_Add,41595,1,2079750,-12390,-0.60,3630,0.17,-19770,-0.95,387720,96.93,73
150,多頭出場,2026-05-21 18:30,Trend Rev,41348,1,2082000,-14640,-0.70,1380,0.07,-22020,-1.06,373100,93.28,71
150,多頭進場,2026-05-21 11:25,L_G_進,41640,1,2082000,-14640,-0.70,1380,0.07,-22020,-1.06,373100,93.28,71
151,多頭出場,2026-05-21 22:20,L_Exit,41376,1,2079650,-10890,-0.52,2930,0.14,-10870,-0.52,362210,90.55,5
151,多頭進場,2026-05-21 21:55,L_Cmd,41593,1,2079650,-10890,-0.52,2930,0.14,-10870,-0.52,362210,90.55,5
152,多頭出場,2026-05-22 12:50,L_Exit_G,42449,1,2107650,14760,0.70,14830,0.70,-620,-0.03,376910,94.23,15
152,多頭進場,2026-05-22 11:35,L_Cmd,42153,1,2107650,14760,0.70,14830,0.70,-620,-0.03,376910,94.23,15
153,多頭出場,2026-05-22 13:40,L_Exit_G,42498,1,2114050,10810,0.51,10880,0.51,-570,-0.03,387720,96.93,19
153,多頭進場,2026-05-22 12:05,L_Add,42281,1,2114050,10810,0.51,10880,0.51,-570,-0.03,387720,96.93,19
154,多頭出場,2026-05-22 16:15,L_Exit,42568,1,2118150,10210,0.48,10280,0.49,-3020,-0.14,397950,99.49,33
154,多頭進場,2026-05-22 12:15,L_Add,42363,1,2118150,10210,0.48,10280,0.49,-3020,-0.14,397950,99.49,33
155,多頭出場,2026-05-22 16:15,L_Exit_Add,42568,1,2119500,8860,0.42,8930,0.42,-1920,-0.09,406830,101.71,27
155,多頭進場,2026-05-22 12:45,L_G_進,42390,1,2119500,8860,0.42,8930,0.42,-1920,-0.09,406830,101.71,27
156,多頭出場,2026-05-22 21:40,L_Exit_Add,42622,1,2122300,8760,0.41,8830,0.42,-6020,-0.28,415590,103.90,81
156,多頭進場,2026-05-22 13:40,L_G_進,42446,1,2122300,8760,0.41,8830,0.42,-6020,-0.28,415590,103.90,81
157,多頭出場,2026-05-23 01:25,L_Exit_Add,42792,1,2129300,10260,0.48,10330,0.49,-8770,-0.41,425850,106.46,45
157,多頭進場,2026-05-22 21:40,L_Add,42586,1,2129300,10260,0.48,10330,0.49,-8770,-0.41,425850,106.46,45
158,多頭出場,2026-05-23 03:55,Trend Rev,42530,1,2135350,-8890,-0.42,5430,0.25,-8870,-0.42,416980,104.25,51
158,多頭進場,2026-05-22 23:40,L_Add,42707,1,2135350,-8890,-0.42,5430,0.25,-8870,-0.42,416980,104.25,51
159,多頭出場,2026-05-25 09:05,L_Exit,43740,1,2163800,23160,1.07,23230,1.07,-3320,-0.15,440120,110.03,3
159,多頭進場,2026-05-25 08:50,L_Cmd,43276,1,2163800,23160,1.07,23230,1.07,-3320,-0.15,440120,110.03,3
160,多頭出場,2026-05-25 09:30,L_Exit_Add,43967,1,2177900,20410,0.94,20480,0.94,-520,-0.02,460490,115.12,5
160,多頭進場,2026-05-25 09:05,L_Add,43558,1,2177900,20410,0.94,20480,0.94,-520,-0.02,460490,115.12,5
161,多頭出場,2026-05-25 09:30,L_Exit_G,43967,1,2184050,14260,0.65,14330,0.66,-1220,-0.06,474770,118.69,4
161,多頭進場,2026-05-25 09:10,L_Add,43681,1,2184050,14260,0.65,14330,0.66,-1220,-0.06,474770,118.69,4
162,多頭出場,2026-05-25 10:05,L_Exit_G,44049,1,2188250,14160,0.65,14230,0.65,-20,0.00,488910,122.23,8
162,多頭進場,2026-05-25 09:25,L_Add,43765,1,2188250,14160,0.65,14230,0.65,-20,0.00,488910,122.23,8
163,多頭出場,2026-05-25 19:20,L_Exit_Add,44087,1,2193700,10610,0.48,10680,0.49,-11770,-0.54,499540,124.89,103
163,多頭進場,2026-05-25 09:30,L_G_進,43874,1,2193700,10610,0.48,10680,0.49,-11770,-0.54,499540,124.89,103
164,多頭出場,2026-05-25 21:05,L_Exit_Add,44110,1,2197650,7810,0.36,9730,0.44,-15720,-0.72,507350,126.84,123
164,多頭進場,2026-05-25 09:35,L_Add,43953,1,2197650,7810,0.36,9730,0.44,-15720,-0.72,507350,126.84,123
165,多頭出場,2026-05-25 21:05,L_Exit_Add,44110,1,2198350,7110,0.32,9030,0.41,-16420,-0.75,514480,128.62,122
165,多頭進場,2026-05-25 09:40,L_G_進,43967,1,2198350,7110,0.32,9030,0.41,-16420,-0.75,514480,128.62,122
166,多頭出場,2026-05-25 22:00,L_Exit_Add,44229,1,2205500,5910,0.27,5980,0.27,-2420,-0.11,520410,130.10,11
166,多頭進場,2026-05-25 21:05,L_Add,44110,1,2205500,5910,0.27,5980,0.27,-2420,-0.11,520410,130.10,11
167,多頭出場,2026-05-26 02:00,L_G_Cut,44292,1,2213800,760,0.03,5830,0.26,-3220,-0.15,521110,130.28,43
167,多頭進場,2026-05-25 22:25,L_Cmd,44276,1,2213800,760,0.03,5830,0.26,-3220,-0.15,521110,130.28,43
168,多頭出場,2026-05-26 08:45,L_Exit_Add,44226,1,2216100,-4840,-0.22,3530,0.16,-4820,-0.22,516290,129.07,69
168,多頭進場,2026-05-25 23:15,L_Add,44322,1,2216100,-4840,-0.22,3530,0.16,-4820,-0.22,516290,129.07,69
169,多頭出場,2026-05-26 08:45,L_Exit_Add,44181,1,2218350,-9340,-0.42,1280,0.06,-9320,-0.42,506970,126.74,50
169,多頭進場,2026-05-26 00:50,L_Add,44367,1,2218350,-9340,-0.42,1280,0.06,-9320,-0.42,506970,126.74,50
170,多頭出場,2026-05-26 08:45,L_Exit,44178,1,2218750,-9890,-0.45,880,0.04,-9870,-0.44,497100,124.28,48
170,多頭進場,2026-05-26 01:00,L_G_進,44375,1,2218750,-9890,-0.45,880,0.04,-9870,-0.44,497100,124.28,48
171,多頭出場,2026-05-27 08:50,L_Exit,44663,1,2223450,9660,0.43,9730,0.44,-2570,-0.12,506740,126.69,18
171,多頭進場,2026-05-27 03:35,L_Cmd,44469,1,2223450,9660,0.43,9730,0.44,-2570,-0.12,506740,126.69,18
172,多頭出場,2026-05-27 08:50,L_Exit_Add,44663,1,2227300,5810,0.26,5880,0.26,-170,-0.01,512570,128.14,0
172,多頭進場,2026-05-27 08:50,L_Add,44546,1,2227300,5810,0.26,5880,0.26,-170,-0.01,512570,128.14,0
173,多頭出場,2026-05-27 09:30,L_Exit,44898,1,2256150,-11290,-0.50,580,0.03,-17170,-0.76,501280,125.32,1
173,多頭進場,2026-05-27 09:25,L_Cmd,45123,1,2256150,-11290,-0.50,580,0.03,-17170,-0.76,501280,125.32,1
174,多頭出場,2026-05-27 12:10,L_Exit,44872,1,2258900,-15340,-0.68,1480,0.07,-15320,-0.68,485940,121.49,16
174,多頭進場,2026-05-27 10:50,L_Cmd,45178,1,2258900,-15340,-0.68,1480,0.07,-15320,-0.68,485940,121.49,16
175,多頭出場,2026-05-28 01:00,L_Cmd_Fast,45048,1,2256650,-4290,-0.19,1980,0.09,-5370,-0.24,481650,120.41,3
175,多頭進場,2026-05-28 00:45,L_Cmd,45133,1,2256650,-4290,-0.19,1980,0.09,-5370,-0.24,481650,120.41,3
176,多頭出場,2026-05-28 10:10,L_Cmd_Fast,45028,1,2265300,-13940,-0.62,2180,0.10,-15170,-0.67,467710,116.93,2
176,多頭進場,2026-05-28 10:00,L_Cmd,45306,1,2265300,-13940,-0.62,2180,0.10,-15170,-0.67,467710,116.93,2
177,多頭出場,2026-05-29 02:40,L_Cmd_Fast,44707,1,2234600,710,0.03,10030,0.45,-8470,-0.38,468380,117.10,53
177,多頭進場,2026-05-28 22:15,L_Cmd,44692,1,2234600,710,0.03,10030,0.45,-8470,-0.38,468380,117.10,53
178,多頭出場,2026-05-29 10:05,L_Exit_G,45178,1,2241050,17810,0.79,17880,0.80,-8370,-0.37,486170,121.54,82
178,多頭進場,2026-05-28 23:30,L_Add,44821,1,2241050,17810,0.79,17880,0.80,-8370,-0.37,486170,121.54,82
179,多頭出場,2026-05-29 10:20,L_Exit_G,45237,1,2244100,17710,0.79,17780,0.79,-11420,-0.51,503880,125.97,74
179,多頭進場,2026-05-29 00:25,L_Add,44882,1,2244100,17710,0.79,17780,0.79,-11420,-0.51,503880,125.97,74
180,多頭出場,2026-05-29 11:45,L_Exit_Add,45290,1,2255050,9410,0.42,9480,0.42,-12320,-0.55,513310,128.33,24
180,多頭進場,2026-05-29 09:45,L_Add,45101,1,2255050,9410,0.42,9480,0.42,-12320,-0.55,513310,128.33,24
181,多頭出場,2026-05-29 11:50,L_Exit_Add,45273,1,2253250,10360,0.46,11280,0.50,-2720,-0.12,523670,130.92,22
181,多頭進場,2026-05-29 10:00,L_G_進,45065,1,2253250,10360,0.46,11280,0.50,-2720,-0.12,523670,130.92,22
182,多頭出場,2026-05-29 12:35,L_Exit_Add,45367,1,2256900,11410,0.51,11630,0.52,-6370,-0.28,535080,133.77,29
182,多頭進場,2026-05-29 10:10,L_G_進,45138,1,2256900,11410,0.51,11630,0.52,-6370,-0.28,535080,133.77,29
183,多頭出場,2026-05-29 17:10,L_Exit_Add,45551,1,2263000,14510,0.64,14580,0.64,-2970,-0.13,549590,137.40,50
183,多頭進場,2026-05-29 11:50,L_Add,45260,1,2263000,14510,0.64,14580,0.64,-2970,-0.13,549590,137.40,50
184,多頭出場,2026-05-29 22:20,Trend Rev,45245,1,2268400,-6190,-0.27,11580,0.51,-8370,-0.37,543420,135.85,103
184,多頭進場,2026-05-29 12:35,L_Add,45368,1,2268400,-6190,-0.27,11580,0.51,-8370,-0.37,543420,135.85,103
185,多頭出場,2026-05-29 22:20,Trend Rev,45245,1,2272400,-10190,-0.45,7580,0.33,-12370,-0.54,533250,133.31,97
185,多頭進場,2026-05-29 13:05,L_Add,45448,1,2272400,-10190,-0.45,7580,0.33,-12370,-0.54,533250,133.31,97
186,多頭出場,2026-06-01 10:00,L_Exit_G,46215,1,2292500,18210,0.79,18280,0.80,-11520,-0.50,551400,137.85,11
186,多頭進場,2026-06-01 09:05,L_Cmd,45850,1,2292500,18210,0.79,18280,0.80,-11520,-0.50,551400,137.85,11
187,多頭出場,2026-06-01 10:20,L_Exit,46362,1,2299200,18860,0.82,18930,0.82,-1370,-0.06,570280,142.57,9
187,多頭進場,2026-06-01 09:35,L_Add,45984,1,2299200,18860,0.82,18930,0.82,-1370,-0.06,570280,142.57,9
188,多頭出場,2026-06-01 10:25,L_Exit_Add,46462,1,2302200,20860,0.91,20930,0.91,-3270,-0.14,591140,147.79,8
188,多頭進場,2026-06-01 09:45,L_Add,46044,1,2302200,20860,0.91,20930,0.91,-3270,-0.14,591140,147.79,8
189,多頭出場,2026-06-01 11:35,L_Exit_Add,45833,1,2304850,-13240,-0.57,18280,0.79,-13220,-0.57,577900,144.48,20
189,多頭進場,2026-06-01 09:55,L_G_進,46097,1,2304850,-13240,-0.57,18280,0.79,-13220,-0.57,577900,144.48,20
190,多頭出場,2026-06-01 21:15,Trend Rev,45849,1,2317950,-25540,-1.10,5180,0.22,-30720,-1.33,552380,138.10,116
190,多頭進場,2026-06-01 10:25,L_Add,46359,1,2317950,-25540,-1.10,5180,0.22,-30720,-1.33,552380,138.10,116
191,多頭出場,2026-06-01 21:15,Trend Rev,45849,1,2322450,-30040,-1.29,330,0.01,-35220,-1.52,522360,130.59,115
191,多頭進場,2026-06-01 10:30,L_Add,46449,1,2322450,-30040,-1.29,330,0.01,-35220,-1.52,522360,130.59,115
192,多頭出場,2026-06-02 00:50,L_Exit_G,46569,1,2308050,20360,0.88,20430,0.89,-1520,-0.07,542660,135.67,28
192,多頭進場,2026-06-01 22:30,L_Cmd,46161,1,2308050,20360,0.88,20430,0.89,-1520,-0.07,542660,135.67,28
193,多頭出場,2026-06-02 01:25,L_Exit_Add,46671,1,2315800,17710,0.76,17780,0.77,-1270,-0.05,560370,140.09,25
193,多頭進場,2026-06-01 23:20,L_Add,46316,1,2315800,17710,0.76,17780,0.77,-1270,-0.05,560370,140.09,25
194,多頭出場,2026-06-02 01:25,L_Exit_G,46671,1,2321850,11660,0.50,11730,0.51,-5070,-0.22,572050,143.01,22
194,多頭進場,2026-06-01 23:35,L_Add,46437,1,2321850,11660,0.50,11730,0.51,-5070,-0.22,572050,143.01,22
195,多頭出場,2026-06-02 01:40,L_Exit,46744,1,2321650,15510,0.67,15580,0.67,-4870,-0.21,587580,146.90,24
195,多頭進場,2026-06-01 23:40,L_G_進,46433,1,2321650,15510,0.67,15580,0.67,-4870,-0.21,587580,146.90,24
196,多頭出場,2026-06-02 08:50,Trend Rev,46215,1,2328200,-17490,-0.75,9030,0.39,-26170,-1.12,570110,142.53,50
196,多頭進場,2026-06-02 00:55,L_G_進,46564,1,2328200,-17490,-0.75,9030,0.39,-26170,-1.12,570110,142.53,50
197,多頭出場,2026-06-02 21:10,L_Cmd_Fast,46274,1,2305200,8460,0.37,16830,0.73,-1570,-0.07,578550,144.64,77
197,多頭進場,2026-06-02 13:35,L_Cmd,46104,1,2305200,8460,0.37,16830,0.73,-1570,-0.07,578550,144.64,77
198,多頭出場,2026-06-02 21:45,L_Exit_Add,46543,1,2319000,8110,0.35,8180,0.35,-8570,-0.37,586680,146.67,8
198,多頭進場,2026-06-02 21:05,L_Add,46380,1,2319000,8110,0.35,8180,0.35,-8570,-0.37,586680,146.67,8
199,多頭出場,2026-06-03 01:20,L_Exit,46588,1,2337850,-8490,-0.36,1330,0.06,-8470,-0.36,578190,144.55,21
199,多頭進場,2026-06-02 23:35,L_Cmd,46757,1,2337850,-8490,-0.36,1330,0.06,-8470,-0.36,578190,144.55,21
200,空頭出場,2026-06-04 22:20,S_Exit,45779,1,2276700,-12290,-0.54,2780,0.12,-12270,-0.54,565900,141.48,3
200,空頭進場,2026-06-04 22:05,S_Cmd,45534,1,2276700,-12290,-0.54,2780,0.12,-12270,-0.54,565900,141.48,3
201,多頭出場,2026-06-05 02:05,L_Exit_Add,46510,1,2304500,20960,0.91,21030,0.91,-1020,-0.04,586820,146.70,35
201,多頭進場,2026-06-04 23:10,L_Cmd,46090,1,2304500,20960,0.91,21030,0.91,-1020,-0.04,586820,146.70,35
202,多頭出場,2026-06-05 03:05,L_Exit_Add,46503,1,2310950,14160,0.61,15430,0.67,-6920,-0.30,600980,150.25,41
202,多頭進場,2026-06-04 23:40,L_Add,46219,1,2310950,14160,0.61,15430,0.67,-6920,-0.30,600980,150.25,41
203,多頭出場,2026-06-05 04:05,L_Cmd_Fast,46342,1,2315550,1510,0.07,11880,0.51,-4570,-0.20,602490,150.62,44
203,多頭進場,2026-06-05 00:25,L_Add,46311,1,2315550,1510,0.07,11880,0.51,-4570,-0.20,602490,150.62,44
204,多頭出場,2026-06-05 04:05,L_Exit_Add,46326,1,2325200,-8940,-0.38,2230,0.10,-8920,-0.38,593570,148.39,12
204,多頭進場,2026-06-05 03:05,L_Add,46504,1,2325200,-8940,-0.38,2230,0.10,-8920,-0.38,593570,148.39,12
205,多頭出場,2026-06-05 04:15,L_Exit_Add,46301,1,2326450,-11440,-0.49,980,0.04,-11420,-0.49,582150,145.54,8
205,多頭進場,2026-06-05 03:35,L_Add,46529,1,2326450,-11440,-0.49,980,0.04,-11420,-0.49,582150,145.54,8
206,空頭出場,2026-06-05 16:30,S_Cmd_Fast,45219,1,2263250,2260,0.10,17730,0.78,-6070,-0.27,584410,146.10,41
206,空頭進場,2026-06-05 11:50,S_Cmd,45265,1,2263250,2260,0.10,17730,0.78,-6070,-0.27,584410,146.10,41
207,空頭出場,2026-06-06 00:40,S_Exit,43802,1,2208400,18260,0.83,18330,0.83,-4820,-0.22,602610,150.65,12
207,空頭進場,2026-06-05 23:40,S_Cmd,44168,1,2208400,18260,0.83,18330,0.83,-4820,-0.22,602610,150.65,12
208,空頭出場,2026-06-06 02:00,S_Exit_Add,43741,1,2201700,14610,0.66,14680,0.67,-3570,-0.16,617220,154.31,22
208,空頭進場,2026-06-06 00:10,S_Add,44034,1,2201700,14610,0.66,14680,0.67,-3570,-0.16,617220,154.31,22
209,空頭出場,2026-06-06 02:00,S_Exit_G,43741,1,2197550,10460,0.48,10530,0.48,-3020,-0.14,627700,156.93,17
209,空頭進場,2026-06-06 00:35,S_Add,43951,1,2197550,10460,0.48,10530,0.48,-3020,-0.14,627700,156.93,17
210,空頭出場,2026-06-06 02:10,S_Exit_Add,43634,1,2195750,14010,0.64,14080,0.64,-4820,-0.22,641730,160.43,18
210,空頭進場,2026-06-06 00:40,S_G_進,43915,1,2195750,14010,0.64,14080,0.64,-4820,-0.22,641730,160.43,18
211,空頭出場,2026-06-06 02:10,S_Exit_G,43634,1,2191300,9560,0.44,9630,0.44,-9270,-0.42,651310,162.83,17
211,空頭進場,2026-06-06 00:45,S_G_進,43826,1,2191300,9560,0.44,9630,0.44,-9270,-0.42,651310,162.83,17
212,空頭出場,2026-06-06 03:30,S_BE,43288,1,2164400,-40,0.00,17580,0.81,-370,-0.02,651230,162.81,4
212,空頭進場,2026-06-06 03:10,S_Cmd,43288,1,2164400,-40,0.00,17580,0.81,-370,-0.02,651230,162.81,4
213,空頭出場,2026-06-06 04:05,S_Exit_Add,42620,1,2152350,21310,0.99,21380,0.99,-12070,-0.56,672540,168.14,10
213,空頭進場,2026-06-06 03:15,S_Add,43047,1,2152350,21310,0.99,21380,0.99,-12070,-0.56,672540,168.14,10
214,空頭出場,2026-06-06 04:10,S_Exit_Add,42415,1,2149750,28960,1.35,29030,1.35,-14670,-0.68,701500,175.38,10
214,空頭進場,2026-06-06 03:20,S_Add,42995,1,2149750,28960,1.35,29030,1.35,-14670,-0.68,701500,175.38,10
215,空頭出場,2026-06-06 04:15,S_Exit_Add,42264,1,2141700,28460,1.33,28530,1.33,-20,0.00,729960,182.49,2
215,空頭進場,2026-06-06 04:05,S_Add,42834,1,2141700,28460,1.33,28530,1.33,-20,0.00,729960,182.49,2
216,空頭出場,2026-06-06 04:20,S_Exit_Add,42201,1,2135800,25710,1.20,25780,1.21,-920,-0.04,755670,188.92,2
216,空頭進場,2026-06-06 04:10,S_Add,42716,1,2135800,25710,1.20,25780,1.21,-920,-0.04,755670,188.92,2
217,空頭出場,2026-06-06 04:30,S_Exit_Add,41001,1,2122150,72060,3.40,72130,3.40,-120,-0.01,827710,206.93,3
217,空頭進場,2026-06-06 04:15,S_Add,42443,1,2122150,72060,3.40,72130,3.40,-120,-0.01,827710,206.93,3
218,空頭出場,2026-06-06 04:30,S_Exit_Add,41001,1,2114500,64410,3.05,64480,3.05,-3820,-0.18,892140,223.04,2
218,空頭進場,2026-06-06 04:20,S_Add,42290,1,2114500,64410,3.05,64480,3.05,-3820,-0.18,892140,223.04,2
219,空頭出場,2026-06-06 04:30,S_Exit_Add,41001,1,2112450,62360,2.95,62430,2.96,-2420,-0.11,954520,238.63,1
219,空頭進場,2026-06-06 04:25,S_Add,42249,1,2112450,62360,2.95,62430,2.96,-2420,-0.11,954520,238.63,1
220,空頭出場,2026-06-06 04:30,S_Exit_G,41001,1,2106900,56810,2.70,56880,2.70,-1670,-0.08,1011350,252.84,0
220,空頭進場,2026-06-06 04:30,S_G_進,42138,1,2106900,56810,2.70,56880,2.70,-1670,-0.08,1011350,252.84,0
221,空頭出場,2026-06-08 12:50,S_Cmd_Fast,43368,1,2162850,-5590,-0.26,480,0.02,-6770,-0.31,1005760,251.44,1
221,空頭進場,2026-06-08 12:45,S_Cmd,43257,1,2162850,-5590,-0.26,480,0.02,-6770,-0.31,1005760,251.44,1
222,空頭出場,2026-06-08 15:10,S_Cmd_Fast,43407,1,2158000,-12390,-0.57,8580,0.40,-13870,-0.64,993370,248.34,4
222,空頭進場,2026-06-08 13:35,S_Cmd,43160,1,2158000,-12390,-0.57,8580,0.40,-13870,-0.64,993370,248.34,4
223,空頭出場,2026-06-09 03:55,Trend Rev,43998,1,2195450,-4490,-0.20,6130,0.28,-6020,-0.27,988880,247.22,8
223,空頭進場,2026-06-09 03:15,S_Cmd,43909,1,2195450,-4490,-0.20,6130,0.28,-6020,-0.27,988880,247.22,8
224,空頭出場,2026-06-09 09:20,S_Exit,43961,1,2187850,-10240,-0.47,8430,0.39,-10220,-0.47,978640,244.66,6
224,空頭進場,2026-06-09 08:50,S_Cmd,43757,1,2187850,-10240,-0.47,8430,0.39,-10220,-0.47,978640,244.66,6
225,空頭出場,2026-06-09 22:40,S_Exit,44052,1,2221100,18460,0.83,18530,0.83,-5070,-0.23,997100,249.28,5
225,空頭進場,2026-06-09 22:15,S_Cmd,44422,1,2221100,18460,0.83,18530,0.83,-5070,-0.23,997100,249.28,5
226,空頭出場,2026-06-09 23:25,S_Exit,43450,1,2204300,31760,1.44,31830,1.44,-4720,-0.21,1028820,257.21,8
226,空頭進場,2026-06-09 22:45,S_Cmd,44086,1,2204300,31760,1.44,31830,1.44,-4720,-0.21,1028820,257.21,8
227,空頭出場,2026-06-09 23:35,S_Exit_Add,43378,1,2196500,27560,1.25,27630,1.26,-12520,-0.57,1056360,264.09,9
227,空頭進場,2026-06-09 22:50,S_Add,43930,1,2196500,27560,1.25,27630,1.26,-12520,-0.57,1056360,264.09,9
228,空頭出場,2026-06-09 23:55,S_Exit_Add,43126,1,2187050,30710,1.40,30780,1.41,-1920,-0.09,1087090,271.77,6
228,空頭進場,2026-06-09 23:25,S_Add,43741,1,2187050,30710,1.40,30780,1.41,-1920,-0.09,1087090,271.77,6
229,空頭出場,2026-06-09 23:55,S_Exit_G,43126,1,2173250,16910,0.78,16980,0.78,-14320,-0.66,1104020,276.01,5
229,空頭進場,2026-06-09 23:30,S_Add,43465,1,2173250,16910,0.78,16980,0.78,-14320,-0.66,1104020,276.01,5
230,空頭出場,2026-06-10 00:15,S_Exit_Add,42640,1,2173550,41510,1.91,41580,1.91,-14020,-0.65,1145490,286.37,8
230,空頭進場,2026-06-09 23:35,S_G_進,43471,1,2173550,41510,1.91,41580,1.91,-14020,-0.65,1145490,286.37,8
231,空頭出場,2026-06-10 00:15,S_Exit_G,42640,1,2158900,26860,1.24,26930,1.25,-13720,-0.64,1172370,293.09,3
231,空頭進場,2026-06-10 00:00,S_Add,43178,1,2158900,26860,1.24,26930,1.25,-13720,-0.64,1172370,293.09,3
232,空頭出場,2026-06-10 00:35,S_Exit_Add,42436,1,2154750,32910,1.53,32980,1.53,-3670,-0.17,1205280,301.32,5
232,空頭進場,2026-06-10 00:10,S_Add,43095,1,2154750,32910,1.53,32980,1.53,-3670,-0.17,1205280,301.32,5
233,空頭出場,2026-06-10 01:35,S_G_Cut,43399,1,2151650,-18340,-0.85,33330,1.55,-25870,-1.20,1186920,296.73,16
233,空頭進場,2026-06-10 00:15,S_G_進,43033,1,2151650,-18340,-0.85,33330,1.55,-25870,-1.20,1186920,296.73,16
234,空頭出場,2026-06-10 02:15,S_Exit_Add,43573,1,2135550,-43140,-2.02,17230,0.81,-43120,-2.02,1143800,285.95,23
234,空頭進場,2026-06-10 00:20,S_Add,42711,1,2135550,-43140,-2.02,17230,0.81,-43120,-2.02,1143800,285.95,23
235,空頭出場,2026-06-10 02:55,S_Exit_Add,43842,1,2122100,-70040,-3.30,3780,0.18,-70020,-3.30,1073780,268.45,27
235,空頭進場,2026-06-10 00:40,S_Add,42442,1,2122100,-70040,-3.30,3780,0.18,-70020,-3.30,1073780,268.45,27
236,空頭出場,2026-06-10 08:45,Trend Rev,43838,1,2127250,-64690,-3.04,2130,0.10,-67470,-3.17,1009110,252.28,49
236,空頭進場,2026-06-10 00:55,S_G_進,42545,1,2127250,-64690,-3.04,2130,0.10,-67470,-3.17,1009110,252.28,49
237,空頭出場,2026-06-10 13:25,S_Exit,43124,1,2180000,23760,1.09,23830,1.09,-3870,-0.18,1032810,258.20,15
237,空頭進場,2026-06-10 12:10,S_Cmd,43600,1,2180000,23760,1.09,23830,1.09,-3870,-0.18,1032810,258.20,15
238,空頭出場,2026-06-10 13:25,S_Exit_G,43124,1,2172100,15860,0.73,15930,0.73,-4720,-0.22,1048690,262.17,10
238,空頭進場,2026-06-10 12:35,S_Add,43442,1,2172100,15860,0.73,15930,0.73,-4720,-0.22,1048690,262.17,10
239,空頭出場,2026-06-10 16:40,S_Exit_Add,42929,1,2167950,21460,0.99,21530,0.99,-21120,-0.97,1070170,267.54,33
239,空頭進場,2026-06-10 12:45,S_Add,43359,1,2167950,21460,0.99,21530,0.99,-21120,-0.97,1070170,267.54,33
240,空頭出場,2026-06-10 16:40,S_Exit_Add,42929,1,2162700,16210,0.75,16280,0.75,-26370,-1.22,1086400,271.60,26
240,空頭進場,2026-06-10 13:20,S_G_進,43254,1,2162700,16210,0.75,16280,0.75,-26370,-1.22,1086400,271.60,26
241,空頭出場,2026-06-11 00:35,S_Cmd_Fast,43241,1,2149450,-12640,-0.59,10580,0.49,-15320,-0.71,1073760,268.44,15
241,空頭進場,2026-06-10 23:20,S_Cmd,42989,1,2149450,-12640,-0.59,10580,0.49,-15320,-0.71,1073760,268.44,15
242,空頭出場,2026-06-11 08:50,S_Cmd_Fast,42941,1,2137500,-9590,-0.45,11830,0.55,-15170,-0.71,1064130,266.03,21
242,空頭進場,2026-06-11 03:20,S_Cmd,42750,1,2137500,-9590,-0.45,11830,0.55,-15170,-0.71,1064130,266.03,21
243,空頭出場,2026-06-11 08:50,S_Exit_Add,43014,1,2129900,-20840,-0.98,4230,0.20,-20820,-0.98,1043310,260.83,6
243,空頭進場,2026-06-11 04:35,S_Add,42598,1,2129900,-20840,-0.98,4230,0.20,-20820,-0.98,1043310,260.83,6
244,空頭出場,2026-06-11 08:50,S_Exit_Add,43069,1,2127150,-26340,-1.24,1380,0.06,-26320,-1.24,1016990,254.25,3
244,空頭進場,2026-06-11 04:50,S_Add,42543,1,2127150,-26340,-1.24,1380,0.06,-26320,-1.24,1016990,254.25,3
245,空頭出場,2026-06-11 11:30,S_Exit,42893,1,2119700,-24990,-1.18,12730,0.60,-24970,-1.18,992000,248.00,13
245,空頭進場,2026-06-11 10:25,S_Cmd,42394,1,2119700,-24990,-1.18,12730,0.60,-24970,-1.18,992000,248.00,13
246,多頭出場,2026-06-12 09:20,L_G_Cut,44400,1,2222350,-2390,-0.11,24580,1.11,-7370,-0.33,989550,247.39,28
246,多頭進場,2026-06-12 03:15,L_Cmd,44447,1,2222350,-2390,-0.11,24580,1.11,-7370,-0.33,989550,247.39,28
247,多頭出場,2026-06-12 09:25,L_Cmd_Fast,44295,1,2236850,-22140,-0.99,5930,0.27,-24620,-1.10,967430,241.86,7
247,多頭進場,2026-06-12 08:50,L_Add,44737,1,2236850,-22140,-0.99,5930,0.27,-24620,-1.10,967430,241.86,7
248,多頭出場,2026-06-12 09:25,L_Exit_Add,44228,1,2238550,-27190,-1.21,4230,0.19,-27170,-1.21,940260,235.07,6
248,多頭進場,2026-06-12 08:55,L_Add,44771,1,2238550,-27190,-1.21,4230,0.19,-27170,-1.21,940260,235.07,6
249,多頭出場,2026-06-12 09:25,L_Exit_Add,44194,1,2241500,-31840,-1.42,1280,0.06,-31820,-1.42,908440,227.11,5
249,多頭進場,2026-06-12 09:00,L_G_進,44830,1,2241500,-31840,-1.42,1280,0.06,-31820,-1.42,908440,227.11,5
250,多頭出場,2026-06-12 22:45,L_Cmd_Fast,44238,1,2224100,-12240,-0.55,3230,0.15,-13570,-0.61,896200,224.05,8
250,多頭進場,2026-06-12 22:05,L_Cmd,44482,1,2224100,-12240,-0.55,3230,0.15,-13570,-0.61,896200,224.05,8
251,多頭出場,2026-06-15 09:20,L_Exit,45403,1,2287150,-17040,-0.75,8030,0.35,-17020,-0.74,879160,219.79,6
251,多頭進場,2026-06-15 08:50,L_Cmd,45743,1,2287150,-17040,-0.75,8030,0.35,-17020,-0.74,879160,219.79,6
252,多頭出場,2026-06-16 22:00,L_Cmd_Fast,45820,1,2295050,-4090,-0.18,80,0.00,-4970,-0.22,875070,218.77,1
252,多頭進場,2026-06-16 21:55,L_Cmd,45901,1,2295050,-4090,-0.18,80,0.00,-4970,-0.22,875070,218.77,1
253,多頭出場,2026-06-17 11:10,Trend Rev,45513,1,2276400,-790,-0.03,8930,0.39,-5420,-0.24,874260,218.57,24
253,多頭進場,2026-06-17 09:10,L_Cmd,45528,1,2276400,-790,-0.03,8930,0.39,-5420,-0.24,874260,218.57,24
254,多頭出場,2026-06-17 11:10,Trend Rev,45513,1,2283000,-7390,-0.32,2330,0.10,-7520,-0.33,866890,216.72,19
254,多頭進場,2026-06-17 09:35,L_Add,45660,1,2283000,-7390,-0.32,2330,0.10,-7520,-0.33,866890,216.72,19
255,多頭出場,2026-06-17 13:00,L_Exit_G,45970,1,2281250,17210,0.75,17280,0.76,-3070,-0.13,884040,221.01,13
255,多頭進場,2026-06-17 11:55,L_Cmd,45625,1,2281250,17210,0.75,17280,0.76,-3070,-0.13,884040,221.01,13
256,多頭出場,2026-06-17 13:25,L_Exit,46038,1,2289300,12560,0.55,12630,0.55,-5020,-0.22,896600,224.15,13
256,多頭進場,2026-06-17 12:20,L_Add,45786,1,2289300,12560,0.55,12630,0.55,-5020,-0.22,896600,224.15,13
257,多頭出場,2026-06-17 13:25,L_Exit_G,46038,1,2291500,10360,0.45,10430,0.46,-7220,-0.32,906980,226.75,12
257,多頭進場,2026-06-17 12:25,L_Add,45830,1,2291500,10360,0.45,10430,0.46,-7220,-0.32,906980,226.75,12
258,多頭出場,2026-06-17 15:00,L_Exit_Add,46123,1,2292850,13260,0.58,13330,0.58,-8570,-0.37,920220,230.05,15
258,多頭進場,2026-06-17 12:30,L_G_進,45857,1,2292850,13260,0.58,13330,0.58,-8570,-0.37,920220,230.05,15
259,多頭出場,2026-06-17 15:00,L_Exit_G,46123,1,2298050,8060,0.35,8130,0.35,-4020,-0.17,928300,232.08,8
259,多頭進場,2026-06-17 13:05,L_G_進,45961,1,2298050,8060,0.35,8130,0.35,-4020,-0.17,928300,232.08,8
260,多頭出場,2026-06-17 15:00,L_Exit_Add,46454,1,2300150,22510,0.98,22580,0.98,-670,-0.03,950830,237.71,3
260,多頭進場,2026-06-17 13:30,L_Add,46003,1,2300150,22510,0.98,22580,0.98,-670,-0.03,950830,237.71,3
261,多頭出場,2026-06-17 15:00,L_Exit_Add,46454,1,2301800,20860,0.91,20930,0.91,-1720,-0.07,971710,242.93,1
261,多頭進場,2026-06-17 13:40,L_G_進,46036,1,2301800,20860,0.91,20930,0.91,-1720,-0.07,971710,242.93,1
262,多頭出場,2026-06-18 11:15,L_Cmd_Fast,46369,1,2320700,-2290,-0.10,14580,0.63,-5570,-0.24,969380,242.35,29
262,多頭進場,2026-06-18 08:50,L_Cmd,46414,1,2320700,-2290,-0.10,14580,0.63,-5570,-0.24,969380,242.35,29
263,多頭出場,2026-06-18 12:15,Trend Rev,46302,1,2330250,-15190,-0.65,5030,0.22,-17470,-0.75,954210,238.55,24
263,多頭進場,2026-06-18 10:15,L_Add,46605,1,2330250,-15190,-0.65,5030,0.22,-17470,-0.75,954210,238.55,24
264,多頭出場,2026-06-18 12:15,Trend Rev,46302,1,2333250,-18190,-0.78,1480,0.06,-20470,-0.88,936040,234.01,23
264,多頭進場,2026-06-18 10:20,L_Add,46665,1,2333250,-18190,-0.78,1480,0.06,-20470,-0.88,936040,234.01,23
265,多頭出場,2026-06-18 19:10,L_Cmd_Fast,46794,1,2333500,6160,0.26,15980,0.68,-670,-0.03,942180,235.55,51
265,多頭進場,2026-06-18 13:40,L_Cmd,46670,1,2333500,6160,0.26,15980,0.68,-670,-0.03,942180,235.55,51
266,多頭出場,2026-06-18 21:05,L_Exit_Add,46935,1,2338250,8460,0.36,11230,0.48,-1720,-0.07,950640,237.66,73
266,多頭進場,2026-06-18 15:00,L_Add,46765,1,2338250,8460,0.36,11230,0.48,-1720,-0.07,950640,237.66,73
267,多頭出場,2026-06-18 21:30,L_Exit_Add,47141,1,2345300,11710,0.50,11780,0.50,-320,-0.01,962370,240.59,5
267,多頭進場,2026-06-18 21:05,L_Add,46906,1,2345300,11710,0.50,11780,0.50,-320,-0.01,962370,240.59,5
268,多頭出場,2026-06-19 01:05,L_Exit_G,47447,1,2358150,14160,0.60,14230,0.60,-2270,-0.10,976470,244.12,36
268,多頭進場,2026-06-18 22:05,L_Cmd,47163,1,2358150,14160,0.60,14230,0.60,-2270,-0.10,976470,244.12,36
269,多頭出場,2026-06-19 01:15,L_Exit,47476,1,2363450,10310,0.44,10380,0.44,-6720,-0.28,986800,246.70,34
269,多頭進場,2026-06-18 22:25,L_Add,47269,1,2363450,10310,0.44,10380,0.44,-6720,-0.28,986800,246.70,34
270,多頭出場,2026-06-19 01:20,L_Exit_Add,47485,1,2366100,8110,0.34,8180,0.35,-1420,-0.06,994930,248.73,15
270,多頭進場,2026-06-19 00:05,L_Add,47322,1,2366100,8110,0.34,8180,0.35,-1420,-0.06,994930,248.73,15
271,多頭出場,2026-06-19 01:35,L_Exit_Add,47538,1,2366650,10210,0.43,10280,0.43,-1370,-0.06,1005160,251.29,16
271,多頭進場,2026-06-19 00:15,L_G_進,47333,1,2366650,10210,0.43,10280,0.43,-1370,-0.06,1005160,251.29,16
272,多頭出場,2026-06-22 08:45,L_Exit,47439,1,2378750,-6840,-0.29,2130,0.09,-6820,-0.29,998320,249.58,15
272,多頭進場,2026-06-19 03:45,L_Cmd,47575,1,2378750,-6840,-0.29,2130,0.09,-6820,-0.29,998320,249.58,15
273,多頭出場,2026-06-22 13:40,L_Exit_G,48466,1,2405200,18060,0.75,18130,0.75,-12020,-0.50,1016320,254.08,49
273,多頭進場,2026-06-22 09:35,L_Cmd,48104,1,2405200,18060,0.75,18130,0.75,-12020,-0.50,1016320,254.08,49
274,多頭出場,2026-06-22 15:00,L_Exit,48647,1,2415650,16660,0.69,16730,0.69,-14170,-0.59,1033000,258.25,40
274,多頭進場,2026-06-22 10:25,L_Add,48313,1,2415650,16660,0.69,16730,0.69,-14170,-0.59,1033000,258.25,40
275,多頭出場,2026-06-22 15:00,L_Exit_Add,48647,1,2417200,15110,0.63,15180,0.63,-3820,-0.16,1048130,262.03,7
275,多頭進場,2026-06-22 13:10,L_Add,48344,1,2417200,15110,0.63,15180,0.63,-3820,-0.16,1048130,262.03,7
276,多頭出場,2026-06-22 15:10,L_Exit_Add,48678,1,2420000,13860,0.57,13930,0.58,-6620,-0.27,1062010,265.50,5
276,多頭進場,2026-06-22 13:30,L_G_進,48400,1,2420000,13860,0.57,13930,0.58,-6620,-0.27,1062010,265.50,5
277,多頭出場,2026-06-22 22:30,L_Cmd_Fast,49000,1,2460650,-10690,-0.43,1280,0.05,-11820,-0.48,1051320,262.83,4
277,多頭進場,2026-06-22 22:10,L_Cmd,49213,1,2460650,-10690,-0.43,1280,0.05,-11820,-0.48,1051320,262.83,4
278,空頭出場,2026-06-23 23:55,S_Cmd_Fast,46451,1,2313850,-8740,-0.38,230,0.01,-10320,-0.45,1042580,260.65,5
278,空頭進場,2026-06-23 23:30,S_Cmd,46277,1,2313850,-8740,-0.38,230,0.01,-10320,-0.45,1042580,260.65,5
279,空頭出場,2026-06-24 12:40,S_Cmd_Fast,46426,1,2307050,-14290,-0.62,11480,0.50,-14270,-0.62,1028290,257.07,22
279,空頭進場,2026-06-24 10:50,S_Cmd,46141,1,2307050,-14290,-0.62,11480,0.50,-14270,-0.62,1028290,257.07,22
280,空頭出場,2026-06-25 01:20,S_Exit,45278,1,2283750,19810,0.87,19880,0.87,-1170,-0.05,1048100,262.02,8
280,空頭進場,2026-06-25 00:40,S_Cmd,45675,1,2283750,19810,0.87,19880,0.87,-1170,-0.05,1048100,262.02,8
281,空頭出場,2026-06-26 04:00,S_Cmd_Fast,45730,1,2277750,-8790,-0.39,2630,0.12,-9270,-0.41,1039310,259.83,9
281,空頭進場,2026-06-26 03:15,S_Cmd,45555,1,2277750,-8790,-0.39,2630,0.12,-9270,-0.41,1039310,259.83,9
282,空頭出場,2026-06-26 11:05,S_Exit,44609,1,2263500,33010,1.46,33080,1.46,-10420,-0.46,1072260,268.07,15
282,空頭進場,2026-06-26 09:50,S_Cmd,45270,1,2263500,33010,1.46,33080,1.46,-10420,-0.46,1072260,268.07,15
283,空頭出場,2026-06-26 11:05,S_Exit_Add,44609,1,2254050,23560,1.05,23630,1.05,-1670,-0.07,1095840,273.96,4
283,空頭進場,2026-06-26 10:45,S_Add,45081,1,2254050,23560,1.05,23630,1.05,-1670,-0.07,1095840,273.96,4
284,空頭出場,2026-06-26 11:05,S_Exit_G,44609,1,2251100,20610,0.92,20680,0.92,-1970,-0.09,1116470,279.12,3
284,空頭進場,2026-06-26 10:50,S_Add,45022,1,2251100,20610,0.92,20680,0.92,-1970,-0.09,1116470,279.12,3
285,空頭出場,2026-06-26 11:10,S_Exit_Add,44501,1,2243100,18010,0.80,18080,0.81,-1170,-0.05,1134480,283.62,1
285,空頭進場,2026-06-26 11:05,S_G_進,44862,1,2243100,18010,0.80,18080,0.81,-1170,-0.05,1134480,283.62,1
286,空頭出場,2026-06-26 16:55,S_Exit_Add,44133,1,2233000,26310,1.18,26380,1.18,-25020,-1.12,1160790,290.20,55
286,空頭進場,2026-06-26 11:10,S_Add,44660,1,2233000,26310,1.18,26380,1.18,-25020,-1.12,1160790,290.20,55
287,空頭出場,2026-06-26 22:05,Trend Rev,44747,1,2220550,-16840,-0.76,13930,0.63,-30920,-1.39,1143970,285.99,86
287,空頭進場,2026-06-26 13:45,S_Add,44411,1,2220550,-16840,-0.76,13930,0.63,-30920,-1.39,1143970,285.99,86
288,空頭出場,2026-06-29 08:55,S_Exit,44853,1,2227500,-15190,-0.68,930,0.04,-15170,-0.68,1128780,282.20,1
288,空頭進場,2026-06-29 08:50,S_Cmd,44550,1,2227500,-15190,-0.68,930,0.04,-15170,-0.68,1128780,282.20,1
289,空頭出場,2026-06-29 11:50,Trend Rev,45176,1,2253150,-5690,-0.25,830,0.04,-8620,-0.38,1123090,280.77,1
289,空頭進場,2026-06-29 11:45,S_Cmd,45063,1,2253150,-5690,-0.25,830,0.04,-8620,-0.38,1123090,280.77,1
290,多頭出場,2026-06-29 21:55,L_Exit,45710,1,2297500,-12040,-0.52,3030,0.13,-12020,-0.52,1111050,277.76,2
290,多頭進場,2026-06-29 21:45,L_Cmd,45950,1,2297500,-12040,-0.52,3030,0.13,-12020,-0.52,1111050,277.76,2
291,多頭出場,2026-06-30 08:45,L_Exit_Add,45910,1,2310700,-15240,-0.66,13080,0.57,-15220,-0.66,1095790,273.95,57
291,多頭進場,2026-06-30 00:15,L_Cmd,46214,1,2310700,-15240,-0.66,13080,0.57,-15220,-0.66,1095790,273.95,57
292,多頭出場,2026-06-30 08:50,L_Cmd_Fast,46125,1,2318300,-12090,-0.52,5480,0.24,-22920,-0.99,1083720,270.93,49
292,多頭進場,2026-06-30 01:00,L_Add,46366,1,2318300,-12090,-0.52,5480,0.24,-22920,-0.99,1083720,270.93,49
293,多頭出場,2026-06-30 10:15,L_Cmd_Fast,46343,1,2327100,-9990,-0.43,5280,0.23,-10620,-0.46,1073730,268.43,11
293,多頭進場,2026-06-30 09:20,L_Cmd,46542,1,2327100,-9990,-0.43,5280,0.23,-10620,-0.46,1073730,268.43,11
294,多頭出場,2026-07-01 00:50,L_Exit,47430,1,2351200,20260,0.86,20330,0.86,-20,0.00,1093930,273.48,35
294,多頭進場,2026-06-30 21:55,L_Cmd,47024,1,2351200,20260,0.86,20330,0.86,-20,0.00,1093930,273.48,35
295,多頭出場,2026-07-01 00:50,L_Exit_G,47430,1,2359000,12460,0.53,12530,0.53,-3720,-0.16,1106410,276.60,33
295,多頭進場,2026-06-30 22:05,L_Add,47180,1,2359000,12460,0.53,12530,0.53,-3720,-0.16,1106410,276.60,33
296,多頭出場,2026-07-01 00:55,L_Exit_Add,47404,1,2362950,7210,0.31,8780,0.37,-4020,-0.17,1113620,278.41,31
296,多頭進場,2026-06-30 22:20,L_Add,47259,1,2362950,7210,0.31,8780,0.37,-4020,-0.17,1113620,278.41,31
297,多頭出場,2026-07-01 02:20,L_Exit_Add,47476,1,2364500,9260,0.39,9330,0.39,-5570,-0.24,1122900,280.72,47
297,多頭進場,2026-06-30 22:25,L_G_進,47290,1,2364500,9260,0.39,9330,0.39,-5570,-0.24,1122900,280.72,47
298,多頭出場,2026-07-01 08:50,L_Exit_Add,47545,1,2369650,7560,0.32,9330,0.39,-1920,-0.08,1130460,282.62,50
298,多頭進場,2026-07-01 00:55,L_Add,47393,1,2369650,7560,0.32,9330,0.39,-1920,-0.08,1130460,282.62,50
299,多頭出場,2026-07-01 09:05,L_Exit_Add,47346,1,2377300,-10040,-0.42,7330,0.31,-10020,-0.42,1120440,280.11,3
299,多頭進場,2026-07-01 08:50,L_Add,47546,1,2377300,-10040,-0.42,7330,0.31,-10020,-0.42,1120440,280.11,3
300,空頭出場,2026-07-02 09:00,S_Exit,46253,1,2301400,-11290,-0.49,2580,0.11,-11270,-0.49,1109150,277.29,2
300,空頭進場,2026-07-02 08:50,S_Cmd,46028,1,2301400,-11290,-0.49,2580,0.11,-11270,-0.49,1109150,277.29,2
301,多頭出場,2026-07-02 11:25,Trend Rev,46616,1,2338700,-7940,-0.34,7480,0.32,-10470,-0.45,1101210,275.30,18
301,多頭進場,2026-07-02 09:55,L_Cmd,46774,1,2338700,-7940,-0.34,7480,0.32,-10470,-0.45,1101210,275.30,18
302,多頭出場,2026-07-02 22:25,L_Exit,46704,1,2354250,-19090,-0.81,6780,0.29,-19070,-0.81,1082120,270.53,7
302,多頭進場,2026-07-02 21:50,L_Cmd,47085,1,2354250,-19090,-0.81,6780,0.29,-19070,-0.81,1082120,270.53,7
303,空頭出場,2026-07-03 01:00,S_Exit,45510,1,2300800,25260,1.10,25330,1.10,-2020,-0.09,1107320,276.83,7
303,空頭進場,2026-07-03 00:25,S_Cmd,46016,1,2300800,25260,1.10,25330,1.10,-2020,-0.09,1107320,276.83,7
304,空頭出場,2026-07-03 01:35,S_Exit_G,45458,1,2291250,18310,0.80,18380,0.80,-2920,-0.13,1125650,281.41,12
304,空頭進場,2026-07-03 00:35,S_Add,45825,1,2291250,18310,0.80,18380,0.80,-2920,-0.13,1125650,281.41,12
305,空頭出場,2026-07-03 01:45,S_Exit_Add,45341,1,2288000,20910,0.91,20980,0.92,-4720,-0.21,1146580,286.65,13
305,空頭進場,2026-07-03 00:40,S_Add,45760,1,2288000,20910,0.91,20980,0.92,-4720,-0.21,1146580,286.65,13
306,空頭出場,2026-07-03 01:50,S_Exit_Add,45287,1,2285100,20710,0.91,20780,0.91,-2470,-0.11,1167310,291.83,12
306,空頭進場,2026-07-03 00:50,S_G_進,45702,1,2285100,20710,0.91,20780,0.91,-2470,-0.11,1167310,291.83,12
307,多頭出場,2026-07-03 12:15,L_Exit_G,46964,1,2324900,23260,1.00,23330,1.00,-4420,-0.19,1190510,297.63,26
307,多頭進場,2026-07-03 10:05,L_Cmd,46498,1,2324900,23260,1.00,23330,1.00,-4420,-0.19,1190510,297.63,26
308,多頭出場,2026-07-03 15:00,L_Exit_G,47119,1,2337750,18160,0.78,18230,0.78,-1520,-0.07,1208670,302.17,21
308,多頭進場,2026-07-03 12:00,L_Add,46755,1,2337750,18160,0.78,18230,0.78,-1520,-0.07,1208670,302.17,21
309,多頭出場,2026-07-03 19:30,L_Exit,47177,1,2341800,17010,0.73,17080,0.73,-1570,-0.07,1225700,306.43,73
309,多頭進場,2026-07-03 12:10,L_Add,46836,1,2341800,17010,0.73,17080,0.73,-1570,-0.07,1225700,306.43,73
310,多頭出場,2026-07-03 19:30,L_Exit_Add,47177,1,2343750,15060,0.64,15130,0.65,-1270,-0.05,1240780,310.20,72
310,多頭進場,2026-07-03 12:15,L_G_進,46875,1,2343750,15060,0.64,15130,0.65,-1270,-0.05,1240780,310.20,72
311,多頭出場,2026-07-03 20:00,L_Exit_Add,47287,1,2350600,13710,0.58,13780,0.59,-8120,-0.35,1254510,313.63,75
311,多頭進場,2026-07-03 12:30,L_G_進,47012,1,2350600,13710,0.58,13780,0.59,-8120,-0.35,1254510,313.63,75
312,多頭出場,2026-07-04 01:40,L_G_Cut,47361,1,2364950,3060,0.13,8530,0.36,-2470,-0.10,1257510,314.38,44
312,多頭進場,2026-07-03 22:00,L_Cmd,47299,1,2364950,3060,0.13,8530,0.36,-2470,-0.10,1257510,314.38,44
313,多頭出場,2026-07-04 01:45,L_Cmd_Fast,47296,1,2369500,-4740,-0.20,3980,0.17,-6570,-0.28,1252790,313.20,33
313,多頭進場,2026-07-03 23:00,L_Add,47390,1,2369500,-4740,-0.20,3980,0.17,-6570,-0.28,1252790,313.20,33
314,多頭出場,2026-07-04 02:00,L_Exit_Add,47224,1,2372350,-11190,-0.47,580,0.02,-11170,-0.47,1241620,310.40,33
314,多頭進場,2026-07-03 23:15,L_Add,47447,1,2372350,-11190,-0.47,580,0.02,-11170,-0.47,1241620,310.40,33
315,多頭出場,2026-07-04 03:55,L_Exit_Add,47167,1,2371950,-13640,-0.58,730,0.03,-13620,-0.57,1228000,307.00,55
315,多頭進場,2026-07-03 23:20,L_G_進,47439,1,2371950,-13640,-0.58,730,0.03,-13620,-0.57,1228000,307.00,55
316,多頭出場,2026-07-06 09:05,L_Cmd_Fast,47174,1,2366200,-7540,-0.32,4780,0.20,-7520,-0.32,1220460,305.12,3
316,多頭進場,2026-07-06 08:50,L_Cmd,47324,1,2366200,-7540,-0.32,4780,0.20,-7520,-0.32,1220460,305.12,3
317,多頭出場,2026-07-06 22:15,L_Exit_G,47495,1,2355600,19110,0.81,19180,0.81,-6670,-0.28,1239510,309.88,8
317,多頭進場,2026-07-06 21:35,L_Cmd,47112,1,2355600,19110,0.81,19180,0.81,-6670,-0.28,1239510,309.88,8
318,多頭出場,2026-07-07 00:55,L_G_Cut,47313,1,2361400,4210,0.18,13380,0.57,-4170,-0.18,1243720,310.93,38
318,多頭進場,2026-07-06 21:45,L_Add,47228,1,2361400,4210,0.18,13380,0.57,-4170,-0.18,1243720,310.93,38
319,多頭出場,2026-07-07 01:30,L_Cmd_Fast,47279,1,2363400,510,0.02,11380,0.48,-3820,-0.16,1244250,311.06,43
319,多頭進場,2026-07-06 21:55,L_Add,47268,1,2363400,510,0.02,11380,0.48,-3820,-0.16,1244250,311.06,43
320,多頭出場,2026-07-07 04:55,開啟,47345,1,2367400,-190,-0.01,7380,0.31,-8370,-0.35,1244060,311.02,81
320,多頭進場,2026-07-06 22:10,L_G_進,47348,1,2367400,-190,-0.01,7380,0.31,-8370,-0.35,1244060,311.02,81
321,多頭出場,2026-07-07 04:55,開啟,47345,1,2371000,-3790,-0.16,2280,0.10,-11970,-0.50,1240460,310.12,79
321,多頭進場,2026-07-06 22:20,L_G_進,47420,1,2371000,-3790,-0.16,2280,0.10,-11970,-0.50,1240460,310.12,79