交易編號,類型,日期和時間,訊號,價格 TWD,大小（數量）,大小（值）,淨損益 TWD,淨損益 %,有利波動 TWD,有利波動 %,不利波動 TWD,不利波動 %,累計損益 TWD,累計損益 %
1,多頭出場,2026-04-02 09:05,L_Exit,33509,1,1682550,-7140,-0.42,430,0.03,-7120,-0.42,-7140,-1.78
1,多頭進場,2026-04-02 09:00,L_Cmd,33651,1,1682550,-7140,-0.42,430,0.03,-7120,-0.42,-7140,-1.78
2,空頭出場,2026-04-02 13:40,S_Exit_G,32497,1,1640350,15460,0.94,15530,0.95,-3170,-0.19,8260,2.07
2,空頭進場,2026-04-02 10:10,S_Cmd,32807,1,1640350,15460,0.94,15530,0.95,-3170,-0.19,8260,2.07
3,空頭出場,2026-04-02 15:00,S_Exit_G,32543,1,1634550,7360,0.45,9730,0.60,-6670,-0.41,15620,3.91
3,空頭進場,2026-04-02 10:40,S_Add,32691,1,1634550,7360,0.45,9730,0.60,-6670,-0.41,15620,3.91
4,空頭出場,2026-04-02 15:10,S_Exit,32461,1,1631500,8410,0.52,8480,0.52,-3470,-0.21,24050,6.01
4,空頭進場,2026-04-02 11:40,S_Add,32630,1,1631500,8410,0.52,8480,0.52,-3470,-0.21,24050,6.01
5,空頭出場,2026-04-02 18:05,S_Exit_Add,32424,1,1628500,7260,0.45,7330,0.45,-6470,-0.40,31330,7.83
5,空頭進場,2026-04-02 11:50,S_G_進,32570,1,1628500,7260,0.45,7330,0.45,-6470,-0.40,31330,7.83
6,空頭出場,2026-04-02 18:20,S_Exit_Add,32346,1,1629900,12560,0.77,12630,0.77,-3970,-0.24,43910,10.98
6,空頭進場,2026-04-02 15:00,S_G_進,32598,1,1629900,12560,0.77,12630,0.77,-3970,-0.24,43910,10.98
7,多頭出場,2026-04-08 08:45,L_Exit,34701,1,1667950,67060,4.02,67130,4.02,-6220,-0.37,110930,27.73
7,多頭進場,2026-04-08 03:20,L_Cmd,33359,1,1667950,67060,4.02,67130,4.02,-6220,-0.37,110930,27.73
8,多頭出場,2026-04-08 08:45,L_Exit_Add,34701,1,1673400,61610,3.68,61680,3.69,-620,-0.04,172560,43.14
8,多頭進場,2026-04-08 03:55,L_Add,33468,1,1673400,61610,3.68,61680,3.69,-620,-0.04,172560,43.14
9,多頭出場,2026-04-08 08:45,L_Exit_Add,34701,1,1675700,59310,3.54,59380,3.54,-2820,-0.17,231890,57.97
9,多頭進場,2026-04-08 04:00,L_Add,33514,1,1675700,59310,3.54,59380,3.54,-2820,-0.17,231890,57.97
10,多頭出場,2026-04-08 12:35,L_Exit_G,35062,1,1729300,23760,1.37,23830,1.38,-5670,-0.33,255590,63.90
10,多頭進場,2026-04-08 08:50,L_Cmd,34586,1,1729300,23760,1.37,23830,1.38,-5670,-0.33,255590,63.90
11,多頭出場,2026-04-08 15:20,L_Exit_G,35153,1,1738100,19510,1.12,19580,1.13,-1570,-0.09,275100,68.77
11,多頭進場,2026-04-08 09:35,L_Add,34762,1,1738100,19510,1.12,19580,1.13,-1570,-0.09,275100,68.77
12,多頭出場,2026-04-08 17:10,L_Exit_Add,35196,1,1742400,17360,1.00,17430,1.00,-970,-0.06,292480,73.12
12,多頭進場,2026-04-08 09:50,L_Add,34848,1,1742400,17360,1.00,17430,1.00,-970,-0.06,292480,73.12
13,多頭出場,2026-04-08 20:05,L_Exit_Add,35277,1,1748250,15560,0.89,15630,0.89,-6120,-0.35,308060,77.02
13,多頭進場,2026-04-08 10:05,L_G_進,34965,1,1748250,15560,0.89,15630,0.89,-6120,-0.35,308060,77.02
14,多頭出場,2026-04-08 21:05,L_Exit,35306,1,1751950,13310,0.76,13380,0.76,-5720,-0.33,321370,80.34
14,多頭進場,2026-04-08 12:40,L_G_進,35039,1,1751950,13310,0.76,13380,0.76,-5720,-0.33,321370,80.34
15,多頭出場,2026-04-08 22:45,L_Exit_Add,35045,1,1763500,-11290,-0.64,3730,0.21,-11270,-0.64,310100,77.53
15,多頭進場,2026-04-08 21:05,L_Add,35270,1,1763500,-11290,-0.64,3730,0.21,-11270,-0.64,310100,77.53
16,多頭出場,2026-04-09 01:25,L_Cmd_Fast,35185,1,1758900,310,0.02,4580,0.26,-770,-0.04,310390,77.60
16,多頭進場,2026-04-09 00:30,L_Cmd,35178,1,1758900,310,0.02,4580,0.26,-770,-0.04,310390,77.60
17,多頭出場,2026-04-09 02:55,Trend Rev,35069,1,1761750,-8340,-0.47,2430,0.14,-8770,-0.50,302070,75.52
17,多頭進場,2026-04-09 00:45,L_Add,35235,1,1761750,-8340,-0.47,2430,0.14,-8770,-0.50,302070,75.52
18,多頭出場,2026-04-09 04:50,L_Cmd_Fast,35177,1,1762150,-3340,-0.19,2980,0.17,-3370,-0.19,298730,74.68
18,多頭進場,2026-04-09 03:55,L_Cmd,35243,1,1762150,-3340,-0.19,2980,0.17,-3370,-0.19,298730,74.68
19,多頭出場,2026-04-09 22:15,L_Exit_Add,34878,1,1748750,-4890,-0.28,6730,0.38,-4870,-0.28,293800,73.45
19,多頭進場,2026-04-09 21:30,L_Cmd,34975,1,1748750,-4890,-0.28,6730,0.38,-4870,-0.28,293800,73.45
20,多頭出場,2026-04-09 22:15,L_Exit,34867,1,1752750,-9440,-0.54,2730,0.16,-9420,-0.54,284380,71.10
20,多頭進場,2026-04-09 21:40,L_Add,35055,1,1752750,-9440,-0.54,2730,0.16,-9420,-0.54,284380,71.10
21,多頭出場,2026-04-09 22:20,Trend Rev,34867,1,1754800,-11490,-0.65,80,0.00,-12570,-0.72,272910,68.23
21,多頭進場,2026-04-09 21:45,L_Add,35096,1,1754800,-11490,-0.65,80,0.00,-12570,-0.72,272910,68.23
22,多頭出場,2026-04-10 00:00,L_Exit,35222,1,1747700,13360,0.76,13430,0.77,-2970,-0.17,286210,71.55
22,多頭進場,2026-04-09 23:00,L_Cmd,34954,1,1747700,13360,0.76,13430,0.77,-2970,-0.17,286210,71.55
23,多頭出場,2026-04-10 00:00,L_Exit_G,35222,1,1751900,9160,0.52,9230,0.53,-3320,-0.19,295390,73.85
23,多頭進場,2026-04-09 23:20,L_Add,35038,1,1751900,9160,0.52,9230,0.53,-3320,-0.19,295390,73.85
24,多頭出場,2026-04-10 01:35,L_Exit_Add,35289,1,1754250,10160,0.58,10230,0.58,-920,-0.05,305530,76.38
24,多頭進場,2026-04-09 23:35,L_Add,35085,1,1754250,10160,0.58,10230,0.58,-920,-0.05,305530,76.38
25,多頭出場,2026-04-10 02:05,L_G_Cut,35158,1,1755150,2710,0.15,9330,0.53,-1620,-0.09,308260,77.07
25,多頭進場,2026-04-09 23:45,L_G_進,35103,1,1755150,2710,0.15,9330,0.53,-1620,-0.09,308260,77.07
26,多頭出場,2026-04-10 08:50,L_Exit_Add,35337,1,1759900,6910,0.39,6980,0.40,-3270,-0.19,315170,78.79
26,多頭進場,2026-04-10 00:05,L_Add,35198,1,1759900,6910,0.39,6980,0.40,-3270,-0.19,315170,78.79
27,多頭出場,2026-04-10 08:50,L_Exit_Add,35337,1,1761400,5410,0.31,5480,0.31,-4770,-0.27,320600,80.15
27,多頭進場,2026-04-10 00:20,L_G_進,35228,1,1761400,5410,0.31,5480,0.31,-4770,-0.27,320600,80.15
28,多頭出場,2026-04-10 09:00,L_Exit_Add,35438,1,1764200,7660,0.43,7730,0.44,-20,0.00,328260,82.07
28,多頭進場,2026-04-10 08:50,L_Add,35284,1,1764200,7660,0.43,7730,0.44,-20,0.00,328260,82.07
29,多頭出場,2026-04-10 09:30,L_Exit_Add,35487,1,1768300,6010,0.34,6080,0.34,-3320,-0.19,334290,83.57
29,多頭進場,2026-04-10 09:00,L_Add,35366,1,1768300,6010,0.34,6080,0.34,-3320,-0.19,334290,83.57
30,多頭出場,2026-04-10 10:15,L_Exit,35323,1,1774450,-8340,-0.47,2280,0.13,-8320,-0.47,325950,81.49
30,多頭進場,2026-04-10 09:40,L_Cmd,35489,1,1774450,-8340,-0.47,2280,0.13,-8320,-0.47,325950,81.49
31,多頭出場,2026-04-10 16:55,L_Cmd_Fast,35503,1,1777850,-2740,-0.15,1880,0.11,-4270,-0.24,323210,80.80
31,多頭進場,2026-04-10 13:30,L_Cmd,35557,1,1777850,-2740,-0.15,1880,0.11,-4270,-0.24,323210,80.80
32,多頭出場,2026-04-13 10:10,L_Cmd_Fast,35515,1,1779500,-3790,-0.21,1030,0.06,-4120,-0.23,319420,79.86
32,多頭進場,2026-04-13 10:00,L_Cmd,35590,1,1779500,-3790,-0.21,1030,0.06,-4120,-0.23,319420,79.86
33,多頭出場,2026-04-13 11:10,L_Cmd_Fast,35534,1,1779400,-2740,-0.15,3130,0.18,-2870,-0.16,316680,79.17
33,多頭進場,2026-04-13 10:55,L_Cmd,35588,1,1779400,-2740,-0.15,3130,0.18,-2870,-0.16,316680,79.17
34,多頭出場,2026-04-14 00:30,L_Exit_G,35872,1,1784650,8910,0.50,8980,0.50,-2470,-0.14,325530,81.38
34,多頭進場,2026-04-13 21:50,L_Cmd,35693,1,1784650,8910,0.50,8980,0.50,-2470,-0.14,325530,81.38
35,多頭出場,2026-04-14 00:45,L_Exit,35881,1,1787000,7010,0.39,7080,0.40,-4770,-0.27,332540,83.14
35,多頭進場,2026-04-13 22:00,L_Add,35740,1,1787000,7010,0.39,7080,0.40,-4770,-0.27,332540,83.14
36,多頭出場,2026-04-14 00:50,L_Exit_G,35906,1,1789600,5660,0.32,5730,0.32,-4870,-0.27,338200,84.55
36,多頭進場,2026-04-13 22:45,L_Add,35792,1,1789600,5660,0.32,5730,0.32,-4870,-0.27,338200,84.55
37,多頭出場,2026-04-14 01:15,L_Exit_Add,35944,1,1789650,7510,0.42,7580,0.42,-4920,-0.27,345710,86.43
37,多頭進場,2026-04-13 23:00,L_G_進,35793,1,1789650,7510,0.42,7580,0.42,-4920,-0.27,345710,86.43
38,多頭出場,2026-04-14 01:15,L_Exit_G,35944,1,1791400,5760,0.32,5830,0.33,-1620,-0.09,351490,87.87
38,多頭進場,2026-04-14 00:35,L_G_進,35828,1,1791400,5760,0.32,5830,0.33,-1620,-0.09,351490,87.87
39,多頭出場,2026-04-14 02:05,L_Exit_G,35954,1,1793700,3960,0.22,4030,0.22,-670,-0.04,355470,88.87
39,多頭進場,2026-04-14 00:50,L_G_進,35874,1,1793700,3960,0.22,4030,0.22,-670,-0.04,355470,88.87
40,多頭出場,2026-04-14 02:50,L_Exit_Add,35992,1,1794350,5210,0.29,5280,0.29,-120,-0.01,360700,90.18
40,多頭進場,2026-04-14 01:00,L_G_進,35887,1,1794350,5210,0.29,5280,0.29,-120,-0.01,360700,90.18
41,多頭出場,2026-04-14 08:55,L_BE,36046,1,1802300,-40,0.00,3030,0.17,-370,-0.02,360640,90.16
41,多頭進場,2026-04-14 08:50,L_Cmd,36046,1,1802300,-40,0.00,3030,0.17,-370,-0.02,360640,90.16
42,多頭出場,2026-04-14 09:20,L_Exit_Add,36276,1,1804500,9260,0.51,9330,0.52,-3670,-0.20,369860,92.47
42,多頭進場,2026-04-14 08:55,L_Add,36090,1,1804500,9260,0.51,9330,0.52,-3670,-0.20,369860,92.47
43,多頭出場,2026-04-14 09:20,L_Exit_G,36276,1,1807100,6660,0.37,6730,0.37,-1020,-0.06,376540,94.14
43,多頭進場,2026-04-14 09:05,L_Add,36142,1,1807100,6660,0.37,6730,0.37,-1020,-0.06,376540,94.14
44,多頭出場,2026-04-14 09:50,L_Exit_Add,36012,1,1809800,-9240,-0.51,4030,0.22,-9220,-0.51,367300,91.83
44,多頭進場,2026-04-14 09:10,L_Add,36196,1,1809800,-9240,-0.51,4030,0.22,-9220,-0.51,367300,91.83
45,多頭出場,2026-04-14 10:55,L_Exit_G,36326,1,1809700,6560,0.36,6630,0.37,-10320,-0.57,373840,93.46
45,多頭進場,2026-04-14 09:20,L_G_進,36194,1,1809700,6560,0.36,6630,0.37,-10320,-0.57,373840,93.46
46,多頭出場,2026-04-14 11:25,L_Exit_Add,36393,1,1812150,7460,0.41,7530,0.42,-12770,-0.70,381300,95.33
46,多頭進場,2026-04-14 09:25,L_Add,36243,1,1812150,7460,0.41,7530,0.42,-12770,-0.70,381300,95.33
47,多頭出場,2026-04-14 11:25,L_Exit_G,36393,1,1812400,7210,0.40,7280,0.40,-620,-0.03,388530,97.13
47,多頭進場,2026-04-14 10:40,L_Add,36248,1,1812400,7210,0.40,7280,0.40,-620,-0.03,388530,97.13
48,多頭出場,2026-04-14 11:30,L_Exit_Add,36395,1,1813850,5860,0.32,5930,0.33,-1020,-0.06,394390,98.60
48,多頭進場,2026-04-14 10:45,L_G_進,36277,1,1813850,5860,0.32,5930,0.33,-1020,-0.06,394390,98.60
49,多頭出場,2026-04-14 15:00,L_Exit_Add,36649,1,1816050,16360,0.90,16430,0.90,-1770,-0.10,410730,102.68
49,多頭進場,2026-04-14 11:00,L_G_進,36321,1,1816050,16360,0.90,16430,0.90,-1770,-0.10,410730,102.68
50,多頭出場,2026-04-14 15:00,L_Exit_Add,36649,1,1818750,13660,0.75,13730,0.75,-1620,-0.09,424410,106.10
50,多頭進場,2026-04-14 11:30,L_Add,36375,1,1818750,13660,0.75,13730,0.75,-1620,-0.09,424410,106.10
51,多頭出場,2026-04-14 15:00,L_Exit_Add,36649,1,1819050,13360,0.73,13430,0.74,-1920,-0.11,437790,109.45
51,多頭進場,2026-04-14 11:35,L_Add,36381,1,1819050,13360,0.73,13430,0.74,-1920,-0.11,437790,109.45
52,多頭出場,2026-04-14 15:00,L_Exit_G,36649,1,1819900,12510,0.69,12580,0.69,-2770,-0.15,450320,112.58
52,多頭進場,2026-04-14 12:00,L_G_進,36398,1,1819900,12510,0.69,12580,0.69,-2770,-0.15,450320,112.58
53,多頭出場,2026-04-15 03:15,L_Exit,36989,1,1842750,6660,0.36,6730,0.37,-1420,-0.08,456920,114.23
53,多頭進場,2026-04-15 00:10,L_Cmd,36855,1,1842750,6660,0.36,6730,0.37,-1420,-0.08,456920,114.23
54,多頭出場,2026-04-15 08:45,L_Exit_G,37008,1,1847400,2960,0.16,3030,0.16,-70,0.00,459880,114.97
54,多頭進場,2026-04-15 03:05,L_Add,36948,1,1847400,2960,0.16,3030,0.16,-70,0.00,459880,114.97
55,多頭出場,2026-04-15 08:55,L_G_Cut,36954,1,1847600,60,0.00,2830,0.15,-470,-0.03,459960,114.99
55,多頭進場,2026-04-15 03:10,L_Add,36952,1,1847600,60,0.00,2830,0.15,-470,-0.03,459960,114.99
56,多頭出場,2026-04-15 09:10,L_Exit_Add,37079,1,1848250,5660,0.31,5730,0.31,-3020,-0.16,465640,116.41
56,多頭進場,2026-04-15 03:15,L_G_進,36965,1,1848250,5660,0.31,5730,0.31,-3020,-0.16,465640,116.41
57,多頭出場,2026-04-15 09:10,L_Exit_Add,37079,1,1849300,4610,0.25,4680,0.25,-4070,-0.22,470270,117.57
57,多頭進場,2026-04-15 04:00,L_G_進,36986,1,1849300,4610,0.25,4680,0.25,-4070,-0.22,470270,117.57
58,多頭出場,2026-04-15 09:35,L_Exit,37259,1,1853900,9010,0.49,9080,0.49,-20,0.00,479220,119.81
58,多頭進場,2026-04-15 09:15,L_Cmd,37078,1,1853900,9010,0.49,9080,0.49,-20,0.00,479220,119.81
59,多頭出場,2026-04-15 09:35,L_Exit_G,37259,1,1856650,6260,0.34,6330,0.34,-170,-0.01,485500,121.38
59,多頭進場,2026-04-15 09:20,L_Add,37133,1,1856650,6260,0.34,6330,0.34,-170,-0.01,485500,121.38
60,多頭出場,2026-04-15 09:45,L_Exit_Add,37341,1,1858400,8610,0.46,8680,0.47,-1220,-0.07,494090,123.52
60,多頭進場,2026-04-15 09:25,L_Add,37168,1,1858400,8610,0.46,8680,0.47,-1220,-0.07,494090,123.52
61,多頭出場,2026-04-15 09:45,L_Exit_G,37341,1,1861100,5910,0.32,5980,0.32,-3920,-0.21,500020,125.01
61,多頭進場,2026-04-15 09:30,L_G_進,37222,1,1861100,5910,0.32,5980,0.32,-3920,-0.21,500020,125.01
62,多頭出場,2026-04-15 11:10,L_G_Cut,37137,1,1862850,-6040,-0.32,5080,0.27,-7220,-0.39,493960,123.49
62,多頭進場,2026-04-15 09:40,L_Add,37257,1,1862850,-6040,-0.32,5080,0.27,-7220,-0.39,493960,123.49
63,多頭出場,2026-04-15 12:30,L_Exit_Add,37079,1,1863600,-9690,-0.52,4330,0.23,-9670,-0.52,484290,121.07
63,多頭進場,2026-04-15 09:45,L_G_進,37272,1,1863600,-9690,-0.52,4330,0.23,-9670,-0.52,484290,121.07
64,多頭出場,2026-04-15 12:45,L_Exit_Add,37002,1,1866700,-16640,-0.89,1230,0.07,-16620,-0.89,467670,116.92
64,多頭進場,2026-04-15 09:50,L_Add,37334,1,1866700,-16640,-0.89,1230,0.07,-16620,-0.89,467670,116.92
65,多頭出場,2026-04-15 12:55,Trend Rev,36989,1,1866700,-17290,-0.93,1230,0.07,-18870,-1.01,450400,112.60
65,多頭進場,2026-04-15 10:00,L_G_進,37334,1,1866700,-17290,-0.93,1230,0.07,-18870,-1.01,450400,112.60
66,多頭出場,2026-04-16 04:00,L_Exit,37191,1,1862750,-3240,-0.17,380,0.02,-3220,-0.17,447160,111.79
66,多頭進場,2026-04-16 03:35,L_Cmd,37255,1,1862750,-3240,-0.17,380,0.02,-3220,-0.17,447160,111.79
67,多頭出場,2026-04-16 15:05,L_Exit,37393,1,1878450,-8840,-0.47,4830,0.26,-8820,-0.47,438300,109.58
67,多頭進場,2026-04-16 13:35,L_Cmd,37569,1,1878450,-8840,-0.47,4830,0.26,-8820,-0.47,438300,109.58
68,多頭出場,2026-04-16 16:10,L_Exit_Add,37274,1,1878250,-14590,-0.78,30,0.00,-14570,-0.78,423730,105.93
68,多頭進場,2026-04-16 15:00,L_Add,37565,1,1878250,-14590,-0.78,30,0.00,-14570,-0.78,423730,105.93
69,多頭出場,2026-04-17 11:00,L_Cmd_Fast,37227,1,1868250,-6940,-0.37,1230,0.07,-7770,-0.42,416790,104.20
69,多頭進場,2026-04-17 10:20,L_Cmd,37365,1,1868250,-6940,-0.37,1230,0.07,-7770,-0.42,416790,104.20
70,多頭出場,2026-04-17 21:45,L_Exit,37652,1,1890950,-8390,-0.44,1480,0.08,-8370,-0.44,408400,102.10
70,多頭進場,2026-04-17 21:10,L_Cmd,37819,1,1890950,-8390,-0.44,1480,0.08,-8370,-0.44,408400,102.10
71,多頭出場,2026-04-18 01:15,L_Cmd_Fast,37749,1,1892900,-5490,-0.29,6680,0.35,-7720,-0.41,402890,100.72
71,多頭進場,2026-04-17 22:15,L_Cmd,37858,1,1892900,-5490,-0.29,6680,0.35,-7720,-0.41,402890,100.72
72,多頭出場,2026-04-18 01:20,L_Exit_Add,37634,1,1897350,-15690,-0.83,2230,0.12,-15670,-0.83,387220,96.81
72,多頭進場,2026-04-17 22:35,L_Add,37947,1,1897350,-15690,-0.83,2230,0.12,-15670,-0.83,387220,96.81
73,多頭出場,2026-04-20 22:50,L_Exit,37479,1,1881900,-7990,-0.42,1180,0.06,-7970,-0.42,379230,94.81
73,多頭進場,2026-04-20 22:25,L_Cmd,37638,1,1881900,-7990,-0.42,1180,0.06,-7970,-0.42,379230,94.81
74,多頭出場,2026-04-21 00:05,L_Cmd_Fast,37516,1,1877150,-1390,-0.07,1130,0.06,-1920,-0.10,377840,94.46
74,多頭進場,2026-04-20 23:35,L_Cmd,37543,1,1877150,-1390,-0.07,1130,0.06,-1920,-0.10,377840,94.46
75,多頭出場,2026-04-21 09:10,L_Exit,37847,1,1899600,-7290,-0.38,3980,0.21,-7270,-0.38,370550,92.64
75,多頭進場,2026-04-21 09:05,L_Cmd,37992,1,1899600,-7290,-0.38,3980,0.21,-7270,-0.38,370550,92.64
76,多頭出場,2026-04-21 22:30,L_Cmd_Fast,37967,1,1898800,-490,-0.03,4080,0.21,-1220,-0.06,370040,92.51
76,多頭進場,2026-04-21 22:05,L_Cmd,37976,1,1898800,-490,-0.03,4080,0.21,-1220,-0.06,370040,92.51
77,多頭出場,2026-04-21 22:45,Trend Rev,37928,1,1902250,-5890,-0.31,430,0.02,-6120,-0.32,364170,91.04
77,多頭進場,2026-04-21 22:10,L_Add,38045,1,1902250,-5890,-0.31,430,0.02,-6120,-0.32,364170,91.04
78,多頭出場,2026-04-22 10:20,L_Exit_G,38326,1,1900550,15710,0.83,15780,0.83,-4420,-0.23,379820,94.96
78,多頭進場,2026-04-22 08:50,L_Cmd,38011,1,1900550,15710,0.83,15780,0.83,-4420,-0.23,379820,94.96
79,多頭出場,2026-04-22 11:30,L_Exit_G,38359,1,1905700,12210,0.64,12280,0.64,-120,-0.01,392030,98.01
79,多頭進場,2026-04-22 09:25,L_Add,38114,1,1905700,12210,0.64,12280,0.64,-120,-0.01,392030,98.01
80,多頭出場,2026-04-22 12:00,L_G_Cut,38207,1,1908250,2060,0.11,10180,0.53,-1870,-0.10,394090,98.52
80,多頭進場,2026-04-22 09:30,L_Add,38165,1,1908250,2060,0.11,10180,0.53,-1870,-0.10,394090,98.52
81,多頭出場,2026-04-22 12:30,L_Cmd_Fast,38165,1,1912150,-3940,-0.21,6280,0.33,-5770,-0.30,390170,97.54
81,多頭進場,2026-04-22 09:40,L_G_進,38243,1,1912150,-3940,-0.21,6280,0.33,-5770,-0.30,390170,97.54
82,多頭出場,2026-04-22 16:30,Trend Rev,38104,1,1914900,-9740,-0.51,3530,0.18,-11120,-0.58,380450,95.11
82,多頭進場,2026-04-22 10:25,L_G_進,38298,1,1914900,-9740,-0.51,3530,0.18,-11120,-0.58,380450,95.11
83,多頭出場,2026-04-22 16:30,Trend Rev,38104,1,1917900,-12740,-0.66,530,0.03,-14120,-0.74,367730,91.93
83,多頭進場,2026-04-22 11:35,L_G_進,38358,1,1917900,-12740,-0.66,530,0.03,-14120,-0.74,367730,91.93
84,多頭出場,2026-04-23 01:00,L_Exit_G,38547,1,1916500,10810,0.56,10880,0.57,-220,-0.01,378480,94.62
84,多頭進場,2026-04-22 22:20,L_Cmd,38330,1,1916500,10810,0.56,10880,0.57,-220,-0.01,378480,94.62
85,多頭出場,2026-04-23 01:10,L_Exit,38576,1,1920000,8760,0.46,8830,0.46,-1870,-0.10,387260,96.82
85,多頭進場,2026-04-22 22:25,L_Add,38400,1,1920000,8760,0.46,8830,0.46,-1870,-0.10,387260,96.82
86,多頭出場,2026-04-23 01:50,L_Exit_Add,38590,1,1922000,7460,0.39,7530,0.39,-3870,-0.20,394740,98.69
86,多頭進場,2026-04-22 22:30,L_Add,38440,1,1922000,7460,0.39,7530,0.39,-3870,-0.20,394740,98.69
87,多頭出場,2026-04-23 03:10,L_Exit_Add,38601,1,1922750,7260,0.38,7680,0.40,-4620,-0.24,402000,100.50
87,多頭進場,2026-04-22 22:40,L_G_進,38455,1,1922750,7260,0.38,7680,0.40,-4620,-0.24,402000,100.50
88,多頭出場,2026-04-23 04:55,L_Exit_Add,38757,1,1930050,7760,0.40,7830,0.41,-1570,-0.08,409760,102.44
88,多頭進場,2026-04-23 03:10,L_Add,38601,1,1930050,7760,0.40,7830,0.41,-1570,-0.08,409760,102.44
89,多頭出場,2026-04-23 09:00,L_Exit_Add,38872,1,1933100,10460,0.54,10530,0.54,-5220,-0.27,420240,105.06
89,多頭進場,2026-04-23 03:55,L_Add,38662,1,1933100,10460,0.54,10530,0.54,-5220,-0.27,420240,105.06
90,多頭出場,2026-04-24 00:40,L_Exit_G,38422,1,1910200,10860,0.57,10930,0.57,-6070,-0.32,431040,107.76
90,多頭進場,2026-04-23 21:45,L_Cmd,38204,1,1910200,10860,0.57,10930,0.57,-6070,-0.32,431040,107.76
91,多頭出場,2026-04-24 01:05,L_G_Cut,38232,1,1913550,-1990,-0.10,8130,0.42,-3520,-0.18,429050,107.26
91,多頭進場,2026-04-23 22:50,L_Add,38271,1,1913550,-1990,-0.10,8130,0.42,-3520,-0.18,429050,107.26
92,多頭出場,2026-04-24 01:05,L_Cmd_Fast,38232,1,1915300,-3740,-0.20,6380,0.33,-5270,-0.28,425330,106.33
92,多頭進場,2026-04-23 22:55,L_Add,38306,1,1915300,-3740,-0.20,6380,0.33,-5270,-0.28,425330,106.33
93,多頭出場,2026-04-24 01:10,Trend Rev,38079,1,1916500,-12590,-0.66,5180,0.27,-13220,-0.69,412760,103.19
93,多頭進場,2026-04-23 23:00,L_G_進,38330,1,1916500,-12590,-0.66,5180,0.27,-13220,-0.69,412760,103.19
94,多頭出場,2026-04-24 01:10,Trend Rev,38079,1,1920900,-16990,-0.88,780,0.04,-17620,-0.92,395790,98.95
94,多頭進場,2026-04-24 00:45,L_G_進,38418,1,1920900,-16990,-0.88,780,0.04,-17620,-0.92,395790,98.95
95,多頭出場,2026-04-24 09:30,L_Exit_G,38818,1,1925950,14910,0.77,14980,0.78,-720,-0.04,410640,102.66
95,多頭進場,2026-04-24 09:05,L_Cmd,38519,1,1925950,14910,0.77,14980,0.78,-720,-0.04,410640,102.66
96,多頭出場,2026-04-24 09:45,L_Exit,38983,1,1930850,18260,0.95,18330,0.95,-4970,-0.26,428920,107.23
96,多頭進場,2026-04-24 09:10,L_Add,38617,1,1930850,18260,0.95,18330,0.95,-4970,-0.26,428920,107.23
97,多頭出場,2026-04-24 09:45,L_Exit_Add,38983,1,1933500,15610,0.81,15680,0.81,-1670,-0.09,444550,111.14
97,多頭進場,2026-04-24 09:25,L_Add,38670,1,1933500,15610,0.81,15680,0.81,-1670,-0.09,444550,111.14
98,多頭出場,2026-04-24 09:45,L_Exit_Add,38983,1,1937350,11760,0.61,11830,0.61,-5520,-0.28,456330,114.08
98,多頭進場,2026-04-24 09:30,L_G_進,38747,1,1937350,11760,0.61,11830,0.61,-5520,-0.28,456330,114.08
99,多頭出場,2026-04-24 10:20,L_Exit,38646,1,1948900,-16640,-0.85,4930,0.25,-16620,-0.85,439690,109.92
99,多頭進場,2026-04-24 09:50,L_Cmd,38978,1,1948900,-16640,-0.85,4930,0.25,-16620,-0.85,439690,109.92
100,多頭出場,2026-04-24 15:00,L_Exit_G,39274,1,1946450,17210,0.88,17280,0.89,-2370,-0.12,456840,114.21
100,多頭進場,2026-04-24 12:15,L_Cmd,38929,1,1946450,17210,0.88,17280,0.89,-2370,-0.12,456840,114.21
101,多頭出場,2026-04-24 19:05,L_Exit,39487,1,1955450,18860,0.96,18930,0.97,-2570,-0.13,475720,118.93
101,多頭進場,2026-04-24 12:50,L_Add,39109,1,1955450,18860,0.96,18930,0.97,-2570,-0.13,475720,118.93
102,多頭出場,2026-04-24 19:05,L_Exit_Add,39487,1,1959300,15010,0.77,15080,0.77,-2920,-0.15,490750,122.69
102,多頭進場,2026-04-24 13:20,L_Add,39186,1,1959300,15010,0.77,15080,0.77,-2920,-0.15,490750,122.69
103,多頭出場,2026-04-24 19:05,L_Exit_Add,39487,1,1960050,14260,0.73,14330,0.73,-3670,-0.19,505030,126.26
103,多頭進場,2026-04-24 13:25,L_G_進,39201,1,1960050,14260,0.73,14330,0.73,-3670,-0.19,505030,126.26
104,多頭出場,2026-04-25 03:45,L_Cmd_Fast,39741,1,1993550,-6540,-0.33,130,0.01,-9420,-0.47,498490,124.62
104,多頭進場,2026-04-25 00:35,L_Cmd,39871,1,1993550,-6540,-0.33,130,0.01,-9420,-0.47,498490,124.62
105,多頭出場,2026-04-27 09:15,L_Exit,40023,1,2011400,-10290,-0.51,5480,0.27,-10270,-0.51,488200,122.05
105,多頭進場,2026-04-27 09:05,L_Cmd,40228,1,2011400,-10290,-0.51,5480,0.27,-10270,-0.51,488200,122.05
106,多頭出場,2026-04-27 09:50,L_Exit,40105,1,2021250,-16040,-0.79,1030,0.05,-16020,-0.79,472160,118.04
106,多頭進場,2026-04-27 09:25,L_Cmd,40425,1,2021250,-16040,-0.79,1030,0.05,-16020,-0.79,472160,118.04
107,多頭出場,2026-04-28 09:15,L_Exit,40177,1,1997150,11660,0.58,11730,0.59,-5770,-0.29,483800,120.95
107,多頭進場,2026-04-28 08:50,L_Cmd,39943,1,1997150,11660,0.58,11730,0.59,-5770,-0.29,483800,120.95
108,多頭出場,2026-04-28 09:30,L_Exit_Add,40287,1,1999850,14460,0.72,14530,0.73,-120,-0.01,498220,124.56
108,多頭進場,2026-04-28 09:15,L_Add,39997,1,1999850,14460,0.72,14530,0.73,-120,-0.01,498220,124.56
109,多頭出場,2026-04-28 09:30,L_Exit_G,40287,1,2006500,7810,0.39,7880,0.39,-2320,-0.12,506050,126.51
109,多頭進場,2026-04-28 09:20,L_Add,40130,1,2006500,7810,0.39,7880,0.39,-2320,-0.12,506050,126.51
110,多頭出場,2026-04-28 10:00,L_Exit_Add,39915,1,2007500,-11790,-0.59,9780,0.49,-11770,-0.59,494260,123.57
110,多頭進場,2026-04-28 09:25,L_Add,40150,1,2007500,-11790,-0.59,9780,0.49,-11770,-0.59,494260,123.57
111,多頭出場,2026-04-28 13:10,Trend Rev,39862,1,2011200,-18140,-0.90,6080,0.30,-18620,-0.93,476140,119.04
111,多頭進場,2026-04-28 09:30,L_G_進,40224,1,2011200,-18140,-0.90,6080,0.30,-18620,-0.93,476140,119.04
112,多頭出場,2026-04-28 13:10,Trend Rev,39862,1,2015400,-22340,-1.11,1880,0.09,-22820,-1.13,453820,113.46
112,多頭進場,2026-04-28 09:40,L_Add,40308,1,2015400,-22340,-1.11,1880,0.09,-22820,-1.13,453820,113.46
113,多頭出場,2026-04-29 13:10,L_Cmd_Fast,39512,1,1978450,-2890,-0.15,7230,0.37,-3070,-0.16,450910,112.73
113,多頭進場,2026-04-29 11:40,L_Cmd,39569,1,1978450,-2890,-0.15,7230,0.37,-3070,-0.16,450910,112.73
114,多頭出場,2026-04-29 13:20,Trend Rev,39450,1,1984500,-12040,-0.61,1080,0.05,-12170,-0.61,438890,109.72
114,多頭進場,2026-04-29 12:10,L_Add,39690,1,1984500,-12040,-0.61,1080,0.05,-12170,-0.61,438890,109.72
115,多頭出場,2026-04-29 23:15,L_Cmd_Fast,39438,1,1975200,-3340,-0.17,3280,0.17,-4570,-0.23,435550,108.89
115,多頭進場,2026-04-29 22:25,L_Cmd,39504,1,1975200,-3340,-0.17,3280,0.17,-4570,-0.23,435550,108.89
116,多頭出場,2026-05-01 03:50,L_Exit,40229,1,1993050,18360,0.92,18430,0.92,-4170,-0.21,453850,113.46
116,多頭進場,2026-04-30 23:10,L_Cmd,39861,1,1993050,18360,0.92,18430,0.92,-4170,-0.21,453850,113.46
117,多頭出場,2026-05-01 03:50,L_Exit_G,40229,1,2005750,5660,0.28,5730,0.29,-370,-0.02,459530,114.88
117,多頭進場,2026-05-01 03:05,L_Add,40115,1,2005750,5660,0.28,5730,0.29,-370,-0.02,459530,114.88
118,多頭出場,2026-05-04 08:45,L_Exit_Add,40447,1,2007250,15060,0.75,15130,0.75,-8870,-0.44,474610,118.65
118,多頭進場,2026-05-01 03:10,L_Add,40145,1,2007250,15060,0.75,15130,0.75,-8870,-0.44,474610,118.65
119,多頭出場,2026-05-04 08:45,L_Exit_Add,40447,1,2007650,14660,0.73,14730,0.73,-9270,-0.46,489290,122.32
119,多頭進場,2026-05-01 03:15,L_G_進,40153,1,2007650,14660,0.73,14730,0.73,-9270,-0.46,489290,122.32
120,多頭出場,2026-05-04 09:40,L_Exit_G,40597,1,2013200,16610,0.83,16680,0.83,-5020,-0.25,505840,126.46
120,多頭進場,2026-05-04 08:50,L_Cmd,40264,1,2013200,16610,0.83,16680,0.83,-5020,-0.25,505840,126.46
121,多頭出場,2026-05-04 09:45,L_Exit,40636,1,2017550,14210,0.70,14280,0.71,-3220,-0.16,520050,130.01
121,多頭進場,2026-05-04 09:10,L_Add,40351,1,2017550,14210,0.70,14280,0.71,-3220,-0.16,520050,130.01
122,多頭出場,2026-05-04 10:10,L_Exit_G,40694,1,2025800,8860,0.44,8930,0.44,-11470,-0.57,528910,132.23
122,多頭進場,2026-05-04 09:15,L_Add,40516,1,2025800,8860,0.44,8930,0.44,-11470,-0.57,528910,132.23
123,多頭出場,2026-05-04 10:20,L_Exit_Add,40717,1,2023700,12110,0.60,12180,0.60,-9370,-0.46,541020,135.26
123,多頭進場,2026-05-04 09:20,L_G_進,40474,1,2023700,12110,0.60,12180,0.60,-9370,-0.46,541020,135.26
124,多頭出場,2026-05-04 10:25,L_Exit_G,40729,1,2029650,6760,0.33,6830,0.34,-3970,-0.20,547800,136.95
124,多頭進場,2026-05-04 09:45,L_G_進,40593,1,2029650,6760,0.33,6830,0.34,-3970,-0.20,547800,136.95
125,多頭出場,2026-05-04 10:30,L_Exit_G,40787,1,2031750,7560,0.37,7630,0.38,-4970,-0.24,555380,138.85
125,多頭進場,2026-05-04 10:00,L_G_進,40635,1,2031750,7560,0.37,7630,0.38,-4970,-0.24,555380,138.85
126,多頭出場,2026-05-04 10:40,L_Exit_Add,40904,1,2034500,10660,0.52,10730,0.53,-3420,-0.17,566020,141.51
126,多頭進場,2026-05-04 10:15,L_G_進,40690,1,2034500,10660,0.52,10730,0.53,-3420,-0.17,566020,141.51
127,多頭出場,2026-05-04 13:40,L_Exit_G,41073,1,2039000,14610,0.72,14680,0.72,-820,-0.04,580610,145.15
127,多頭進場,2026-05-04 10:35,L_Add,40780,1,2039000,14610,0.72,14680,0.72,-820,-0.04,580610,145.15
128,多頭出場,2026-05-04 15:15,L_Exit_Add,41165,1,2043500,14710,0.72,14780,0.72,-1620,-0.08,595320,148.83
128,多頭進場,2026-05-04 10:40,L_Add,40870,1,2043500,14710,0.72,14780,0.72,-1620,-0.08,595320,148.83
129,多頭出場,2026-05-04 15:15,L_Exit_G,41165,1,2046350,11860,0.58,11930,0.58,-3220,-0.16,607200,151.80
129,多頭進場,2026-05-04 10:55,L_Add,40927,1,2046350,11860,0.58,11930,0.58,-3220,-0.16,607200,151.80
130,多頭出場,2026-05-04 18:10,Trend Rev,40657,1,2048200,-15390,-0.75,10980,0.54,-18220,-0.89,591830,147.96
130,多頭進場,2026-05-04 11:05,L_G_進,40964,1,2048200,-15390,-0.75,10980,0.54,-18220,-0.89,591830,147.96
131,多頭出場,2026-05-04 18:10,Trend Rev,40657,1,2052100,-19290,-0.94,7080,0.35,-22120,-1.08,572560,143.14
131,多頭進場,2026-05-04 13:45,L_G_進,41042,1,2052100,-19290,-0.94,7080,0.35,-22120,-1.08,572560,143.14
132,多頭出場,2026-05-05 09:25,L_Exit,40886,1,2051900,-7640,-0.37,2630,0.13,-7620,-0.37,564920,141.23
132,多頭進場,2026-05-05 09:05,L_Cmd,41038,1,2051900,-7640,-0.37,2630,0.13,-7620,-0.37,564920,141.23
133,多頭出場,2026-05-05 23:50,L_Exit,41535,1,2066750,9960,0.48,10030,0.49,-4220,-0.20,574820,143.70
133,多頭進場,2026-05-05 21:10,L_Cmd,41335,1,2066750,9960,0.48,10030,0.49,-4220,-0.20,574820,143.70
134,多頭出場,2026-05-05 23:55,L_Exit_G,41545,1,2071800,5410,0.26,5480,0.26,-9270,-0.45,580230,145.06
134,多頭進場,2026-05-05 21:55,L_Add,41436,1,2071800,5410,0.26,5480,0.26,-9270,-0.45,580230,145.06
135,多頭出場,2026-05-06 03:15,L_G_Cut,41472,1,2072650,910,0.04,5780,0.28,-10120,-0.49,581140,145.29
135,多頭進場,2026-05-05 22:00,L_Add,41453,1,2072650,910,0.04,5780,0.28,-10120,-0.49,581140,145.29
136,多頭出場,2026-05-06 03:15,L_G_Cut,41472,1,2073150,410,0.02,5280,0.25,-2570,-0.12,581570,145.39
136,多頭進場,2026-05-05 23:45,L_G_進,41463,1,2073150,410,0.02,5280,0.25,-2570,-0.12,581570,145.39
137,多頭出場,2026-05-06 08:45,L_Exit_Add,41704,1,2076850,8310,0.40,8380,0.40,-6270,-0.30,589900,147.48
137,多頭進場,2026-05-05 23:55,L_G_進,41537,1,2076850,8310,0.40,8380,0.40,-6270,-0.30,589900,147.48
138,多頭出場,2026-05-06 08:45,L_Exit_Add,41704,1,2076750,8410,0.40,8480,0.41,-6170,-0.30,598330,149.58
138,多頭進場,2026-05-06 00:05,L_G_進,41535,1,2076750,8410,0.40,8480,0.41,-6170,-0.30,598330,149.58
139,多頭出場,2026-05-06 09:05,L_Exit,41866,1,2083000,10260,0.49,10330,0.50,-1220,-0.06,608570,152.14
139,多頭進場,2026-05-06 08:50,L_Cmd,41660,1,2083000,10260,0.49,10330,0.50,-1220,-0.06,608570,152.14
140,多頭出場,2026-05-06 09:45,L_Exit_Add,41664,1,2090300,-7140,-0.34,9780,0.47,-7120,-0.34,601410,150.35
140,多頭進場,2026-05-06 09:05,L_Add,41806,1,2090300,-7140,-0.34,9780,0.47,-7120,-0.34,601410,150.35
141,多頭出場,2026-05-06 09:45,L_Exit_Add,41626,1,2097100,-15840,-0.76,2980,0.14,-15820,-0.75,585590,146.40
141,多頭進場,2026-05-06 09:15,L_Add,41942,1,2097100,-15840,-0.76,2980,0.14,-15820,-0.75,585590,146.40
142,多頭出場,2026-05-06 09:45,L_Exit_Add,41490,1,2099000,-24540,-1.17,1080,0.05,-24520,-1.17,561070,140.27
142,多頭進場,2026-05-06 09:20,L_Add,41980,1,2099000,-24540,-1.17,1080,0.05,-24520,-1.17,561070,140.27
143,多頭出場,2026-05-06 16:50,L_Exit,41882,1,2069600,24460,1.18,24530,1.19,-2820,-0.14,585510,146.38
143,多頭進場,2026-05-06 12:35,L_Cmd,41392,1,2069600,24460,1.18,24530,1.19,-2820,-0.14,585510,146.38
144,多頭出場,2026-05-06 16:50,L_Exit_Add,41882,1,2077350,16710,0.80,16780,0.81,-6720,-0.32,602240,150.56
144,多頭進場,2026-05-06 13:20,L_Add,41547,1,2077350,16710,0.80,16780,0.81,-6720,-0.32,602240,150.56
145,多頭出場,2026-05-06 22:05,L_Cmd_Fast,41789,1,2094100,-4690,-0.22,2380,0.11,-5170,-0.25,597550,149.39
145,多頭進場,2026-05-06 21:45,L_Cmd,41882,1,2094100,-4690,-0.22,2380,0.11,-5170,-0.25,597550,149.39
146,多頭出場,2026-05-07 03:20,L_Exit_G,42205,1,2094500,15710,0.75,15780,0.75,-1420,-0.07,613200,153.30
146,多頭進場,2026-05-06 22:45,L_Cmd,41890,1,2094500,15710,0.75,15780,0.75,-1420,-0.07,613200,153.30
147,多頭出場,2026-05-07 03:50,L_Exit_Add,42233,1,2099050,12560,0.60,12630,0.60,-4770,-0.23,625760,156.44
147,多頭進場,2026-05-06 23:20,L_Add,41981,1,2099050,12560,0.60,12630,0.60,-4770,-0.23,625760,156.44
148,多頭出場,2026-05-07 04:10,L_Exit,42264,1,2101450,11710,0.56,11780,0.56,-7170,-0.34,637470,159.37
148,多頭進場,2026-05-06 23:35,L_Add,42029,1,2101450,11710,0.56,11780,0.56,-7170,-0.34,637470,159.37
149,多頭出場,2026-05-07 04:10,L_Exit_Add,42264,1,2107300,5860,0.28,5930,0.28,-370,-0.02,643350,160.84
149,多頭進場,2026-05-07 03:05,L_G_進,42146,1,2107300,5860,0.28,5930,0.28,-370,-0.02,643350,160.84
150,多頭出場,2026-05-07 04:10,L_Exit_G,42264,1,2110000,3160,0.15,3230,0.15,-1870,-0.09,646530,161.63
150,多頭進場,2026-05-07 03:25,L_G_進,42200,1,2110000,3160,0.15,3230,0.15,-1870,-0.09,646530,161.63
151,多頭出場,2026-05-07 04:20,L_Exit_G,42277,1,2111500,2310,0.11,2380,0.11,-3370,-0.16,648860,162.22
151,多頭進場,2026-05-07 03:55,L_G_進,42230,1,2111500,2310,0.11,2380,0.11,-3370,-0.16,648860,162.22
152,多頭出場,2026-05-07 12:35,L_Cmd_Fast,42296,1,2114750,10,0.00,8630,0.41,-3370,-0.16,648850,162.21
152,多頭進場,2026-05-07 09:40,L_Cmd,42295,1,2114750,10,0.00,8630,0.41,-3370,-0.16,648850,162.21
153,多頭出場,2026-05-07 17:15,Trend Rev,42250,1,2121500,-9040,-0.43,6180,0.29,-10120,-0.48,639830,159.96
153,多頭進場,2026-05-07 09:50,L_Add,42430,1,2121500,-9040,-0.43,6180,0.29,-10120,-0.48,639830,159.96
154,多頭出場,2026-05-08 10:05,L_Exit,42062,1,2112800,-9740,-0.46,4280,0.20,-9720,-0.46,630090,157.52
154,多頭進場,2026-05-08 09:15,L_Cmd,42256,1,2112800,-9740,-0.46,4280,0.20,-9720,-0.46,630090,157.52
155,多頭出場,2026-05-11 08:50,L_Cmd_Fast,42173,1,2108750,-140,-0.01,6230,0.30,-8020,-0.38,629930,157.48
155,多頭進場,2026-05-08 22:00,L_Cmd,42175,1,2108750,-140,-0.01,6230,0.30,-8020,-0.38,629930,157.48
156,多頭出場,2026-05-11 08:50,L_Exit_Add,42021,1,2112750,-11740,-0.56,2230,0.11,-11720,-0.55,618210,154.55
156,多頭進場,2026-05-09 00:30,L_Add,42255,1,2112750,-11740,-0.56,2230,0.11,-11720,-0.55,618210,154.55
157,多頭出場,2026-05-11 12:10,L_Cmd_Fast,42087,1,2105550,-1240,-0.06,1880,0.09,-1720,-0.08,616970,154.24
157,多頭進場,2026-05-11 11:40,L_Cmd,42111,1,2105550,-1240,-0.06,1880,0.09,-1720,-0.08,616970,154.24
158,多頭出場,2026-05-11 21:50,L_Exit,41928,1,2102000,-5640,-0.27,5330,0.25,-5620,-0.27,611310,152.83
158,多頭進場,2026-05-11 21:30,L_Cmd,42040,1,2102000,-5640,-0.27,5330,0.25,-5620,-0.27,611310,152.83
159,多頭出場,2026-05-11 21:55,Trend Rev,41939,1,2105250,-8340,-0.40,30,0.00,-9370,-0.45,602990,150.75
159,多頭進場,2026-05-11 21:35,L_Add,42105,1,2105250,-8340,-0.40,30,0.00,-9370,-0.45,602990,150.75
160,多頭出場,2026-05-12 03:30,L_Cmd_Fast,42234,1,2112050,-390,-0.02,6180,0.29,-3920,-0.19,602580,150.65
160,多頭進場,2026-05-11 23:25,L_Cmd,42241,1,2112050,-390,-0.02,6180,0.29,-3920,-0.19,602580,150.65
161,多頭出場,2026-05-12 09:15,L_Exit_Add,42073,1,2118050,-14440,-0.68,180,0.01,-14420,-0.68,588160,147.04
161,多頭進場,2026-05-12 00:15,L_Add,42361,1,2118050,-14440,-0.68,180,0.01,-14420,-0.68,588160,147.04
162,多頭出場,2026-05-12 11:20,Trend Rev,42076,1,2106550,-2790,-0.13,880,0.04,-3770,-0.18,585370,146.34
162,多頭進場,2026-05-12 11:10,L_Cmd,42131,1,2106550,-2790,-0.13,880,0.04,-3770,-0.18,585370,146.34
163,多頭出場,2026-05-12 13:00,L_Cmd_Fast,42050,1,2109550,-7090,-0.34,2930,0.14,-7070,-0.34,578280,144.57
163,多頭進場,2026-05-12 12:05,L_Cmd,42191,1,2109550,-7090,-0.34,2930,0.14,-7070,-0.34,578280,144.57
164,空頭出場,2026-05-12 23:15,S_Exit,40894,1,2059800,15060,0.73,15130,0.73,-3020,-0.15,593280,148.32
164,空頭進場,2026-05-12 22:30,S_Cmd,41196,1,2059800,15060,0.73,15130,0.73,-3020,-0.15,593280,148.32
165,空頭出場,2026-05-12 23:20,S_Exit_G,40821,1,2054750,13660,0.66,13730,0.67,-2270,-0.11,606940,151.73
165,空頭進場,2026-05-12 22:50,S_Add,41095,1,2054750,13660,0.66,13730,0.67,-2270,-0.11,606940,151.73
166,空頭出場,2026-05-12 23:55,S_Exit_Add,40806,1,2052200,11860,0.58,11930,0.58,-1920,-0.09,618800,154.70
166,空頭進場,2026-05-12 23:00,S_Add,41044,1,2052200,11860,0.58,11930,0.58,-1920,-0.09,618800,154.70
167,空頭出場,2026-05-13 00:00,S_Exit_G,40783,1,2048750,9560,0.47,9630,0.47,-720,-0.04,628360,157.09
167,空頭進場,2026-05-12 23:15,S_G_進,40975,1,2048750,9560,0.47,9630,0.47,-720,-0.04,628360,157.09
168,空頭出場,2026-05-13 00:40,S_Exit_Add,40757,1,2047150,9260,0.45,9330,0.46,-1170,-0.06,637640,159.41
168,空頭進場,2026-05-12 23:20,S_G_進,40943,1,2047150,9260,0.45,9330,0.46,-1170,-0.06,637640,159.41
169,空頭出場,2026-05-13 02:15,S_G_Cut,40932,1,2042000,-4640,-0.23,5080,0.25,-6320,-0.31,633020,158.26
169,空頭進場,2026-05-12 23:25,S_G_進,40840,1,2042000,-4640,-0.23,5080,0.25,-6320,-0.31,633020,158.26
170,空頭出場,2026-05-13 02:15,S_G_Cut,40932,1,2041400,-5240,-0.26,4480,0.22,-6920,-0.34,627800,156.95
170,空頭進場,2026-05-13 00:00,S_G_進,40828,1,2041400,-5240,-0.26,4480,0.22,-6920,-0.34,627800,156.95
171,空頭出場,2026-05-13 08:55,S_Cmd_Fast,41163,1,2052850,-5340,-0.26,3830,0.19,-5320,-0.26,622460,155.61
171,空頭進場,2026-05-13 08:50,S_Cmd,41057,1,2052850,-5340,-0.26,3830,0.19,-5320,-0.26,622460,155.61
172,多頭出場,2026-05-14 01:05,L_Exit_G,41780,1,2072350,16610,0.80,16680,0.80,-1470,-0.07,639010,159.75
172,多頭進場,2026-05-13 22:10,L_Cmd,41447,1,2072350,16610,0.80,16680,0.80,-1470,-0.07,639010,159.75
173,多頭出場,2026-05-14 01:30,L_Exit_Add,41837,1,2078900,12910,0.62,12980,0.62,-4970,-0.24,651940,162.99
173,多頭進場,2026-05-13 22:25,L_Add,41578,1,2078900,12910,0.62,12980,0.62,-4970,-0.24,651940,162.99
174,多頭出場,2026-05-14 03:15,L_Exit_Add,41776,1,2081150,7610,0.37,10730,0.52,-6320,-0.30,659550,164.89
174,多頭進場,2026-05-13 23:45,L_Add,41623,1,2081150,7610,0.37,10730,0.52,-6320,-0.30,659550,164.89
175,多頭出場,2026-05-14 03:55,L_Cmd_Fast,41706,1,2083200,2060,0.10,8680,0.42,-720,-0.03,661630,165.41
175,多頭進場,2026-05-14 00:25,L_G_進,41664,1,2083200,2060,0.10,8680,0.42,-720,-0.03,661630,165.41
176,多頭出場,2026-05-14 08:45,L_Exit_Add,41962,1,2087450,10610,0.51,10680,0.51,-3320,-0.16,672260,168.07
176,多頭進場,2026-05-14 03:05,L_Add,41749,1,2087450,10610,0.51,10680,0.51,-3320,-0.16,672260,168.07
177,多頭出場,2026-05-14 22:35,L_Exit,42326,1,2100250,16010,0.76,16080,0.77,-4170,-0.20,688210,172.05
177,多頭進場,2026-05-14 21:50,L_Cmd,42005,1,2100250,16010,0.76,16080,0.77,-4170,-0.20,688210,172.05
178,多頭出場,2026-05-14 22:35,L_Exit_G,42326,1,2103600,12660,0.60,12730,0.61,-170,-0.01,700890,175.22
178,多頭進場,2026-05-14 22:15,L_Add,42072,1,2103600,12660,0.60,12730,0.61,-170,-0.01,700890,175.22
179,多頭出場,2026-05-15 00:10,L_Exit_Add,42346,1,2107950,9310,0.44,9380,0.44,-2320,-0.11,710180,177.55
179,多頭進場,2026-05-14 22:20,L_Add,42159,1,2107950,9310,0.44,9380,0.44,-2320,-0.11,710180,177.55
180,多頭出場,2026-05-15 01:20,L_G_Cut,42234,1,2108200,3460,0.16,10630,0.50,-120,-0.01,713660,178.42
180,多頭進場,2026-05-14 22:30,L_G_進,42164,1,2108200,3460,0.16,10630,0.50,-120,-0.01,713660,178.42
181,多頭出場,2026-05-15 09:00,L_Exit_Add,42452,1,2115950,6610,0.31,6680,0.32,-6420,-0.30,720290,180.07
181,多頭進場,2026-05-14 22:40,L_Add,42319,1,2115950,6610,0.31,6680,0.32,-6420,-0.30,720290,180.07
182,多頭出場,2026-05-15 09:20,L_Exit_Add,42142,1,2114750,-7690,-0.36,7880,0.37,-7670,-0.36,712600,178.15
182,多頭進場,2026-05-14 22:45,L_G_進,42295,1,2114750,-7690,-0.36,7880,0.37,-7670,-0.36,712600,178.15
183,多頭出場,2026-05-15 09:20,L_Exit_Add,42087,1,2118700,-14390,-0.68,2480,0.12,-14370,-0.68,698230,174.56
183,多頭進場,2026-05-15 09:05,L_Add,42374,1,2118700,-14390,-0.68,2480,0.12,-14370,-0.68,698230,174.56
184,空頭出場,2026-05-15 13:05,S_Exit,41078,1,2070050,16110,0.78,16180,0.78,-520,-0.03,714300,178.58
184,空頭進場,2026-05-15 12:45,S_Cmd,41401,1,2070050,16110,0.78,16180,0.78,-520,-0.03,714300,178.58
185,空頭出場,2026-05-15 15:50,S_Exit_Add,40914,1,2060950,15210,0.74,15280,0.74,-470,-0.02,729490,182.37
185,空頭進場,2026-05-15 13:00,S_Add,41219,1,2060950,15210,0.74,15280,0.74,-470,-0.02,729490,182.37
186,空頭出場,2026-05-15 15:55,S_Exit_Add,40840,1,2059300,17260,0.84,17330,0.84,-1870,-0.09,746770,186.69
186,空頭進場,2026-05-15 13:05,S_Add,41186,1,2059300,17260,0.84,17330,0.84,-1870,-0.09,746770,186.69
187,空頭出場,2026-05-15 15:55,S_Exit_G,40840,1,2053300,11260,0.55,11330,0.55,-7870,-0.38,758050,189.51
187,空頭進場,2026-05-15 13:40,S_Add,41066,1,2053300,11260,0.55,11330,0.55,-7870,-0.38,758050,189.51
188,空頭出場,2026-05-15 16:00,S_Exit_Add,40771,1,2050050,11460,0.56,11530,0.56,-11120,-0.54,769530,192.38
188,空頭進場,2026-05-15 13:45,S_G_進,41001,1,2050050,11460,0.56,11530,0.56,-11120,-0.54,769530,192.38
189,空頭出場,2026-05-16 04:05,S_Exit,40501,1,2034900,9810,0.48,9880,0.49,-20,0.00,779320,194.83
189,空頭進場,2026-05-16 03:55,S_Cmd,40698,1,2034900,9810,0.48,9880,0.49,-20,0.00,779320,194.83
190,空頭出場,2026-05-18 08:45,S_Exit_Add,40149,1,2030250,22760,1.12,22830,1.12,-20,0.00,802080,200.52
190,空頭進場,2026-05-16 04:05,S_Add,40605,1,2030250,22760,1.12,22830,1.12,-20,0.00,802080,200.52
191,空頭出場,2026-05-18 08:45,S_Exit_Add,40149,1,2025450,17960,0.89,18030,0.89,-3170,-0.16,820060,205.02
191,空頭進場,2026-05-16 04:10,S_Add,40509,1,2025450,17960,0.89,18030,0.89,-3170,-0.16,820060,205.02
192,空頭出場,2026-05-18 09:00,S_Exit,40578,1,2020700,-8240,-0.41,3130,0.15,-8220,-0.41,811820,202.96
192,空頭進場,2026-05-18 08:50,S_Cmd,40414,1,2020700,-8240,-0.41,3130,0.15,-8220,-0.41,811820,202.96
193,空頭出場,2026-05-18 22:10,Trend Rev,41118,1,2052700,-3240,-0.16,4430,0.22,-4170,-0.20,808580,202.15
193,空頭進場,2026-05-18 22:05,S_Cmd,41054,1,2052700,-3240,-0.16,4430,0.22,-4170,-0.20,808580,202.15
194,空頭出場,2026-05-19 02:25,S_Exit,40524,1,2043100,16860,0.83,16930,0.83,-7320,-0.36,825400,206.35
194,空頭進場,2026-05-18 22:35,S_Cmd,40862,1,2043100,16860,0.83,16930,0.83,-7320,-0.36,825400,206.35
195,空頭出場,2026-05-19 03:45,Trend Rev,40880,1,2036300,-7740,-0.38,10130,0.50,-10620,-0.52,817680,204.42
195,空頭進場,2026-05-18 23:30,S_Add,40726,1,2036300,-7740,-0.38,10130,0.50,-10620,-0.52,817680,204.42
196,空頭出場,2026-05-19 03:45,Trend Rev,40880,1,2033950,-10090,-0.50,7780,0.38,-11320,-0.56,807610,201.90
196,空頭進場,2026-05-19 00:45,S_Add,40679,1,2033950,-10090,-0.50,7780,0.38,-11320,-0.56,807610,201.90
197,空頭出場,2026-05-19 12:00,S_Exit,40259,1,2029050,16060,0.79,16130,0.79,-670,-0.03,823630,205.91
197,空頭進場,2026-05-19 10:00,S_Cmd,40581,1,2029050,16060,0.79,16130,0.79,-670,-0.03,823630,205.91
198,空頭出場,2026-05-19 13:05,S_Exit_G,40215,1,2023500,12710,0.63,12780,0.63,-6220,-0.31,836320,209.08
198,空頭進場,2026-05-19 10:10,S_Add,40470,1,2023500,12710,0.63,12780,0.63,-6220,-0.31,836320,209.08
199,空頭出場,2026-05-19 13:20,S_Exit_Add,40190,1,2020400,10860,0.54,10930,0.54,-9320,-0.46,847200,211.80
199,空頭進場,2026-05-19 10:25,S_Add,40408,1,2020400,10860,0.54,10930,0.54,-9320,-0.46,847200,211.80
200,空頭出場,2026-05-19 15:45,Trend Rev,40608,1,2015350,-15090,-0.75,5880,0.29,-16520,-0.82,832130,208.03
200,空頭進場,2026-05-19 12:05,S_Add,40307,1,2015350,-15090,-0.75,5880,0.29,-16520,-0.82,832130,208.03
201,空頭出場,2026-05-19 15:45,Trend Rev,40608,1,2014450,-15990,-0.79,4980,0.25,-17420,-0.86,816160,204.04
201,空頭進場,2026-05-19 12:10,S_G_進,40289,1,2014450,-15990,-0.79,4980,0.25,-17420,-0.86,816160,204.04
202,空頭出場,2026-05-19 23:15,S_Cmd_Fast,40144,1,1997850,-9390,-0.47,2680,0.13,-10320,-0.52,806770,201.69
202,空頭進場,2026-05-19 22:20,S_Cmd,39957,1,1997850,-9390,-0.47,2680,0.13,-10320,-0.52,806770,201.69
203,空頭出場,2026-05-20 08:50,S_Exit,40119,1,2015800,9810,0.49,9880,0.49,-2270,-0.11,816560,204.14
203,空頭進場,2026-05-20 03:55,S_Cmd,40316,1,2015800,9810,0.49,9880,0.49,-2270,-0.11,816560,204.14
204,空頭出場,2026-05-20 09:10,S_Exit_Add,40391,1,2009000,-10590,-0.53,3180,0.16,-10570,-0.53,805990,201.50
204,空頭進場,2026-05-20 08:50,S_Add,40180,1,2009000,-10590,-0.53,3180,0.16,-10570,-0.53,805990,201.50
205,空頭出場,2026-05-20 12:10,S_Cmd_Fast,40251,1,2005650,-6940,-0.35,5380,0.27,-7470,-0.37,799050,199.76
205,空頭進場,2026-05-20 11:15,S_Cmd,40113,1,2005650,-6940,-0.35,5380,0.27,-7470,-0.37,799050,199.76
206,多頭出場,2026-05-21 09:10,L_Exit,41341,1,2054500,12510,0.61,12580,0.61,-1520,-0.07,811520,202.88
206,多頭進場,2026-05-21 08:50,L_Cmd,41090,1,2054500,12510,0.61,12580,0.61,-1520,-0.07,811520,202.88
207,多頭出場,2026-05-21 09:15,L_Exit_Add,41426,1,2058150,13110,0.64,13180,0.64,-120,-0.01,824630,206.16
207,多頭進場,2026-05-21 09:05,L_Add,41163,1,2058150,13110,0.64,13180,0.64,-120,-0.01,824630,206.16
208,多頭出場,2026-05-21 10:00,L_Exit_Add,41531,1,2063800,12710,0.62,12780,0.62,-970,-0.05,837320,209.33
208,多頭進場,2026-05-21 09:10,L_Add,41276,1,2063800,12710,0.62,12780,0.62,-970,-0.05,837320,209.33
209,多頭出場,2026-05-21 10:00,L_Exit_G,41531,1,2066700,9810,0.47,9880,0.48,-1320,-0.06,847150,211.79
209,多頭進場,2026-05-21 09:15,L_Add,41334,1,2066700,9810,0.47,9880,0.48,-1320,-0.06,847150,211.79
210,多頭出場,2026-05-21 11:10,L_Exit_Add,41612,1,2071500,9060,0.44,9130,0.44,-3670,-0.18,856190,214.05
210,多頭進場,2026-05-21 09:30,L_Add,41430,1,2071500,9060,0.44,9130,0.44,-3670,-0.18,856190,214.05
211,多頭出場,2026-05-21 11:10,L_Exit_G,41612,1,2073300,7260,0.35,7330,0.35,-5320,-0.26,863470,215.87
211,多頭進場,2026-05-21 09:35,L_G_進,41466,1,2073300,7260,0.35,7330,0.35,-5320,-0.26,863470,215.87
212,多頭出場,2026-05-21 13:30,L_G_Cut,41556,1,2075900,1860,0.09,7480,0.36,-6920,-0.33,865310,216.33
212,多頭進場,2026-05-21 10:20,L_Add,41518,1,2075900,1860,0.09,7480,0.36,-6920,-0.33,865310,216.33
213,多頭出場,2026-05-21 15:00,L_Exit_Add,41247,1,2077150,-14840,-0.71,6230,0.30,-14820,-0.71,850490,212.62
213,多頭進場,2026-05-21 11:05,L_G_進,41543,1,2077150,-14840,-0.71,6230,0.30,-14820,-0.71,850490,212.62
214,多頭出場,2026-05-21 18:30,Trend Rev,41348,1,2079750,-12390,-0.60,3630,0.17,-19770,-0.95,838120,209.53
214,多頭進場,2026-05-21 11:15,L_Add,41595,1,2079750,-12390,-0.60,3630,0.17,-19770,-0.95,838120,209.53
215,多頭出場,2026-05-21 18:30,Trend Rev,41348,1,2082000,-14640,-0.70,1380,0.07,-22020,-1.06,823500,205.88
215,多頭進場,2026-05-21 11:25,L_G_進,41640,1,2082000,-14640,-0.70,1380,0.07,-22020,-1.06,823500,205.88
216,多頭出場,2026-05-21 22:20,L_Exit,41376,1,2079650,-10890,-0.52,2930,0.14,-10870,-0.52,812610,203.15
216,多頭進場,2026-05-21 21:55,L_Cmd,41593,1,2079650,-10890,-0.52,2930,0.14,-10870,-0.52,812610,203.15
217,多頭出場,2026-05-22 12:50,L_Exit_G,42449,1,2107650,14760,0.70,14830,0.70,-620,-0.03,827310,206.83
217,多頭進場,2026-05-22 11:35,L_Cmd,42153,1,2107650,14760,0.70,14830,0.70,-620,-0.03,827310,206.83
218,多頭出場,2026-05-22 13:40,L_Exit_G,42498,1,2114050,10810,0.51,10880,0.51,-570,-0.03,838120,209.53
218,多頭進場,2026-05-22 12:05,L_Add,42281,1,2114050,10810,0.51,10880,0.51,-570,-0.03,838120,209.53
219,多頭出場,2026-05-22 16:15,L_Exit,42568,1,2118150,10210,0.48,10280,0.49,-3020,-0.14,848350,212.09
219,多頭進場,2026-05-22 12:15,L_Add,42363,1,2118150,10210,0.48,10280,0.49,-3020,-0.14,848350,212.09
220,多頭出場,2026-05-22 16:15,L_Exit_Add,42568,1,2119500,8860,0.42,8930,0.42,-1920,-0.09,857230,214.31
220,多頭進場,2026-05-22 12:45,L_G_進,42390,1,2119500,8860,0.42,8930,0.42,-1920,-0.09,857230,214.31
221,多頭出場,2026-05-22 21:40,L_Exit_Add,42622,1,2122300,8760,0.41,8830,0.42,-6020,-0.28,865990,216.50
221,多頭進場,2026-05-22 13:40,L_G_進,42446,1,2122300,8760,0.41,8830,0.42,-6020,-0.28,865990,216.50
222,多頭出場,2026-05-23 01:25,L_Exit_Add,42792,1,2129300,10260,0.48,10330,0.49,-8770,-0.41,876250,219.06
222,多頭進場,2026-05-22 21:40,L_Add,42586,1,2129300,10260,0.48,10330,0.49,-8770,-0.41,876250,219.06
223,多頭出場,2026-05-23 03:55,Trend Rev,42530,1,2135350,-8890,-0.42,5430,0.25,-8870,-0.42,867380,216.85
223,多頭進場,2026-05-22 23:40,L_Add,42707,1,2135350,-8890,-0.42,5430,0.25,-8870,-0.42,867380,216.85
224,多頭出場,2026-05-25 09:05,L_Exit,43740,1,2163800,23160,1.07,23230,1.07,-3320,-0.15,890520,222.63
224,多頭進場,2026-05-25 08:50,L_Cmd,43276,1,2163800,23160,1.07,23230,1.07,-3320,-0.15,890520,222.63
225,多頭出場,2026-05-25 09:30,L_Exit_Add,43967,1,2177900,20410,0.94,20480,0.94,-520,-0.02,910890,227.72
225,多頭進場,2026-05-25 09:05,L_Add,43558,1,2177900,20410,0.94,20480,0.94,-520,-0.02,910890,227.72
226,多頭出場,2026-05-25 09:30,L_Exit_G,43967,1,2184050,14260,0.65,14330,0.66,-1220,-0.06,925170,231.29
226,多頭進場,2026-05-25 09:10,L_Add,43681,1,2184050,14260,0.65,14330,0.66,-1220,-0.06,925170,231.29
227,多頭出場,2026-05-25 10:05,L_Exit_G,44049,1,2188250,14160,0.65,14230,0.65,-20,0.00,939310,234.83
227,多頭進場,2026-05-25 09:25,L_Add,43765,1,2188250,14160,0.65,14230,0.65,-20,0.00,939310,234.83
228,多頭出場,2026-05-25 19:20,L_Exit_Add,44087,1,2193700,10610,0.48,10680,0.49,-11770,-0.54,949940,237.49
228,多頭進場,2026-05-25 09:30,L_G_進,43874,1,2193700,10610,0.48,10680,0.49,-11770,-0.54,949940,237.49
229,多頭出場,2026-05-25 21:05,L_Exit_Add,44110,1,2197650,7810,0.36,9730,0.44,-15720,-0.72,957750,239.44
229,多頭進場,2026-05-25 09:35,L_Add,43953,1,2197650,7810,0.36,9730,0.44,-15720,-0.72,957750,239.44
230,多頭出場,2026-05-25 21:05,L_Exit_Add,44110,1,2198350,7110,0.32,9030,0.41,-16420,-0.75,964880,241.22
230,多頭進場,2026-05-25 09:40,L_G_進,43967,1,2198350,7110,0.32,9030,0.41,-16420,-0.75,964880,241.22
231,多頭出場,2026-05-25 22:00,L_Exit_Add,44229,1,2205500,5910,0.27,5980,0.27,-2420,-0.11,970810,242.70
231,多頭進場,2026-05-25 21:05,L_Add,44110,1,2205500,5910,0.27,5980,0.27,-2420,-0.11,970810,242.70
232,多頭出場,2026-05-26 02:00,L_G_Cut,44292,1,2213800,760,0.03,5830,0.26,-3220,-0.15,971510,242.88
232,多頭進場,2026-05-25 22:25,L_Cmd,44276,1,2213800,760,0.03,5830,0.26,-3220,-0.15,971510,242.88
233,多頭出場,2026-05-26 08:45,L_Exit_Add,44226,1,2216100,-4840,-0.22,3530,0.16,-4820,-0.22,966690,241.67
233,多頭進場,2026-05-25 23:15,L_Add,44322,1,2216100,-4840,-0.22,3530,0.16,-4820,-0.22,966690,241.67
234,多頭出場,2026-05-26 08:45,L_Exit_Add,44181,1,2218350,-9340,-0.42,1280,0.06,-9320,-0.42,957370,239.34
234,多頭進場,2026-05-26 00:50,L_Add,44367,1,2218350,-9340,-0.42,1280,0.06,-9320,-0.42,957370,239.34
235,多頭出場,2026-05-26 08:45,L_Exit,44178,1,2218750,-9890,-0.45,880,0.04,-9870,-0.44,947500,236.88
235,多頭進場,2026-05-26 01:00,L_G_進,44375,1,2218750,-9890,-0.45,880,0.04,-9870,-0.44,947500,236.88
236,多頭出場,2026-05-27 08:50,L_Exit,44663,1,2223450,9660,0.43,9730,0.44,-2570,-0.12,957140,239.29
236,多頭進場,2026-05-27 03:35,L_Cmd,44469,1,2223450,9660,0.43,9730,0.44,-2570,-0.12,957140,239.29
237,多頭出場,2026-05-27 08:50,L_Exit_Add,44663,1,2227300,5810,0.26,5880,0.26,-170,-0.01,962970,240.74
237,多頭進場,2026-05-27 08:50,L_Add,44546,1,2227300,5810,0.26,5880,0.26,-170,-0.01,962970,240.74
238,多頭出場,2026-05-27 09:30,L_Exit,44898,1,2256150,-11290,-0.50,580,0.03,-17170,-0.76,951680,237.92
238,多頭進場,2026-05-27 09:25,L_Cmd,45123,1,2256150,-11290,-0.50,580,0.03,-17170,-0.76,951680,237.92
239,多頭出場,2026-05-27 12:10,L_Exit,44872,1,2258900,-15340,-0.68,1480,0.07,-15320,-0.68,936340,234.09
239,多頭進場,2026-05-27 10:50,L_Cmd,45178,1,2258900,-15340,-0.68,1480,0.07,-15320,-0.68,936340,234.09
240,多頭出場,2026-05-28 01:00,L_Cmd_Fast,45048,1,2256650,-4290,-0.19,1980,0.09,-5370,-0.24,932050,233.01
240,多頭進場,2026-05-28 00:45,L_Cmd,45133,1,2256650,-4290,-0.19,1980,0.09,-5370,-0.24,932050,233.01
241,多頭出場,2026-05-28 10:10,L_Cmd_Fast,45028,1,2265300,-13940,-0.62,2180,0.10,-15170,-0.67,918110,229.53
241,多頭進場,2026-05-28 10:00,L_Cmd,45306,1,2265300,-13940,-0.62,2180,0.10,-15170,-0.67,918110,229.53
242,多頭出場,2026-05-29 02:40,L_Cmd_Fast,44707,1,2234600,710,0.03,10030,0.45,-8470,-0.38,918780,229.70
242,多頭進場,2026-05-28 22:15,L_Cmd,44692,1,2234600,710,0.03,10030,0.45,-8470,-0.38,918780,229.70
243,多頭出場,2026-05-29 10:05,L_Exit_G,45178,1,2241050,17810,0.79,17880,0.80,-8370,-0.37,936570,234.14
243,多頭進場,2026-05-28 23:30,L_Add,44821,1,2241050,17810,0.79,17880,0.80,-8370,-0.37,936570,234.14
244,多頭出場,2026-05-29 10:20,L_Exit_G,45237,1,2244100,17710,0.79,17780,0.79,-11420,-0.51,954280,238.57
244,多頭進場,2026-05-29 00:25,L_Add,44882,1,2244100,17710,0.79,17780,0.79,-11420,-0.51,954280,238.57
245,多頭出場,2026-05-29 11:45,L_Exit_Add,45290,1,2255050,9410,0.42,9480,0.42,-12320,-0.55,963710,240.93
245,多頭進場,2026-05-29 09:45,L_Add,45101,1,2255050,9410,0.42,9480,0.42,-12320,-0.55,963710,240.93
246,多頭出場,2026-05-29 11:50,L_Exit_Add,45273,1,2253250,10360,0.46,11280,0.50,-2720,-0.12,974070,243.52
246,多頭進場,2026-05-29 10:00,L_G_進,45065,1,2253250,10360,0.46,11280,0.50,-2720,-0.12,974070,243.52
247,多頭出場,2026-05-29 12:35,L_Exit_Add,45367,1,2256900,11410,0.51,11630,0.52,-6370,-0.28,985480,246.37
247,多頭進場,2026-05-29 10:10,L_G_進,45138,1,2256900,11410,0.51,11630,0.52,-6370,-0.28,985480,246.37
248,多頭出場,2026-05-29 17:10,L_Exit_Add,45551,1,2263000,14510,0.64,14580,0.64,-2970,-0.13,999990,250.00
248,多頭進場,2026-05-29 11:50,L_Add,45260,1,2263000,14510,0.64,14580,0.64,-2970,-0.13,999990,250.00
249,多頭出場,2026-05-29 22:20,Trend Rev,45245,1,2268400,-6190,-0.27,11580,0.51,-8370,-0.37,993820,248.46
249,多頭進場,2026-05-29 12:35,L_Add,45368,1,2268400,-6190,-0.27,11580,0.51,-8370,-0.37,993820,248.46
250,多頭出場,2026-05-29 22:20,Trend Rev,45245,1,2272400,-10190,-0.45,7580,0.33,-12370,-0.54,983650,245.91
250,多頭進場,2026-05-29 13:05,L_Add,45448,1,2272400,-10190,-0.45,7580,0.33,-12370,-0.54,983650,245.91
251,多頭出場,2026-06-01 10:00,L_Exit_G,46215,1,2292500,18210,0.79,18280,0.80,-11520,-0.50,1001800,250.45
251,多頭進場,2026-06-01 09:05,L_Cmd,45850,1,2292500,18210,0.79,18280,0.80,-11520,-0.50,1001800,250.45
252,多頭出場,2026-06-01 10:20,L_Exit,46362,1,2299200,18860,0.82,18930,0.82,-1370,-0.06,1020680,255.17
252,多頭進場,2026-06-01 09:35,L_Add,45984,1,2299200,18860,0.82,18930,0.82,-1370,-0.06,1020680,255.17
253,多頭出場,2026-06-01 10:25,L_Exit_Add,46462,1,2302200,20860,0.91,20930,0.91,-3270,-0.14,1041540,260.39
253,多頭進場,2026-06-01 09:45,L_Add,46044,1,2302200,20860,0.91,20930,0.91,-3270,-0.14,1041540,260.39
254,多頭出場,2026-06-01 11:35,L_Exit_Add,45833,1,2304850,-13240,-0.57,18280,0.79,-13220,-0.57,1028300,257.08
254,多頭進場,2026-06-01 09:55,L_G_進,46097,1,2304850,-13240,-0.57,18280,0.79,-13220,-0.57,1028300,257.08
255,多頭出場,2026-06-01 21:15,Trend Rev,45849,1,2317950,-25540,-1.10,5180,0.22,-30720,-1.33,1002780,250.70
255,多頭進場,2026-06-01 10:25,L_Add,46359,1,2317950,-25540,-1.10,5180,0.22,-30720,-1.33,1002780,250.70
256,多頭出場,2026-06-01 21:15,Trend Rev,45849,1,2322450,-30040,-1.29,330,0.01,-35220,-1.52,972760,243.19
256,多頭進場,2026-06-01 10:30,L_Add,46449,1,2322450,-30040,-1.29,330,0.01,-35220,-1.52,972760,243.19
257,多頭出場,2026-06-02 00:50,L_Exit_G,46569,1,2308050,20360,0.88,20430,0.89,-1520,-0.07,993060,248.27
257,多頭進場,2026-06-01 22:30,L_Cmd,46161,1,2308050,20360,0.88,20430,0.89,-1520,-0.07,993060,248.27
258,多頭出場,2026-06-02 01:25,L_Exit_Add,46671,1,2315800,17710,0.76,17780,0.77,-1270,-0.05,1010770,252.69
258,多頭進場,2026-06-01 23:20,L_Add,46316,1,2315800,17710,0.76,17780,0.77,-1270,-0.05,1010770,252.69
259,多頭出場,2026-06-02 01:25,L_Exit_G,46671,1,2321850,11660,0.50,11730,0.51,-5070,-0.22,1022450,255.61
259,多頭進場,2026-06-01 23:35,L_Add,46437,1,2321850,11660,0.50,11730,0.51,-5070,-0.22,1022450,255.61
260,多頭出場,2026-06-02 01:40,L_Exit,46744,1,2321650,15510,0.67,15580,0.67,-4870,-0.21,1037980,259.50
260,多頭進場,2026-06-01 23:40,L_G_進,46433,1,2321650,15510,0.67,15580,0.67,-4870,-0.21,1037980,259.50
261,多頭出場,2026-06-02 08:50,Trend Rev,46215,1,2328200,-17490,-0.75,9030,0.39,-26170,-1.12,1020510,255.13
261,多頭進場,2026-06-02 00:55,L_G_進,46564,1,2328200,-17490,-0.75,9030,0.39,-26170,-1.12,1020510,255.13
262,多頭出場,2026-06-02 21:10,L_Cmd_Fast,46274,1,2305200,8460,0.37,16830,0.73,-1570,-0.07,1028950,257.24
262,多頭進場,2026-06-02 13:35,L_Cmd,46104,1,2305200,8460,0.37,16830,0.73,-1570,-0.07,1028950,257.24
263,多頭出場,2026-06-02 21:45,L_Exit_Add,46543,1,2319000,8110,0.35,8180,0.35,-8570,-0.37,1037080,259.27
263,多頭進場,2026-06-02 21:05,L_Add,46380,1,2319000,8110,0.35,8180,0.35,-8570,-0.37,1037080,259.27
264,多頭出場,2026-06-03 01:20,L_Exit,46588,1,2337850,-8490,-0.36,1330,0.06,-8470,-0.36,1028590,257.15
264,多頭進場,2026-06-02 23:35,L_Cmd,46757,1,2337850,-8490,-0.36,1330,0.06,-8470,-0.36,1028590,257.15
265,空頭出場,2026-06-04 22:20,S_Exit,45779,1,2276700,-12290,-0.54,2780,0.12,-12270,-0.54,1016300,254.08
265,空頭進場,2026-06-04 22:05,S_Cmd,45534,1,2276700,-12290,-0.54,2780,0.12,-12270,-0.54,1016300,254.08
266,多頭出場,2026-06-05 02:05,L_Exit_Add,46510,1,2304500,20960,0.91,21030,0.91,-1020,-0.04,1037220,259.31
266,多頭進場,2026-06-04 23:10,L_Cmd,46090,1,2304500,20960,0.91,21030,0.91,-1020,-0.04,1037220,259.31
267,多頭出場,2026-06-05 03:05,L_Exit_Add,46503,1,2310950,14160,0.61,15430,0.67,-6920,-0.30,1051380,262.84
267,多頭進場,2026-06-04 23:40,L_Add,46219,1,2310950,14160,0.61,15430,0.67,-6920,-0.30,1051380,262.84
268,多頭出場,2026-06-05 04:05,L_Cmd_Fast,46342,1,2315550,1510,0.07,11880,0.51,-4570,-0.20,1052890,263.22
268,多頭進場,2026-06-05 00:25,L_Add,46311,1,2315550,1510,0.07,11880,0.51,-4570,-0.20,1052890,263.22
269,多頭出場,2026-06-05 04:05,L_Exit_Add,46326,1,2325200,-8940,-0.38,2230,0.10,-8920,-0.38,1043970,260.99
269,多頭進場,2026-06-05 03:05,L_Add,46504,1,2325200,-8940,-0.38,2230,0.10,-8920,-0.38,1043970,260.99
270,多頭出場,2026-06-05 04:15,L_Exit_Add,46301,1,2326450,-11440,-0.49,980,0.04,-11420,-0.49,1032550,258.14
270,多頭進場,2026-06-05 03:35,L_Add,46529,1,2326450,-11440,-0.49,980,0.04,-11420,-0.49,1032550,258.14
271,空頭出場,2026-06-05 16:30,S_Cmd_Fast,45219,1,2263250,2260,0.10,17730,0.78,-6070,-0.27,1034810,258.70
271,空頭進場,2026-06-05 11:50,S_Cmd,45265,1,2263250,2260,0.10,17730,0.78,-6070,-0.27,1034810,258.70
272,空頭出場,2026-06-06 00:40,S_Exit,43802,1,2208400,18260,0.83,18330,0.83,-4820,-0.22,1053010,263.25
272,空頭進場,2026-06-05 23:40,S_Cmd,44168,1,2208400,18260,0.83,18330,0.83,-4820,-0.22,1053010,263.25
273,空頭出場,2026-06-06 02:00,S_Exit_Add,43741,1,2201700,14610,0.66,14680,0.67,-3570,-0.16,1067620,266.90
273,空頭進場,2026-06-06 00:10,S_Add,44034,1,2201700,14610,0.66,14680,0.67,-3570,-0.16,1067620,266.90
274,空頭出場,2026-06-06 02:00,S_Exit_G,43741,1,2197550,10460,0.48,10530,0.48,-3020,-0.14,1078100,269.53
274,空頭進場,2026-06-06 00:35,S_Add,43951,1,2197550,10460,0.48,10530,0.48,-3020,-0.14,1078100,269.53
275,空頭出場,2026-06-06 02:10,S_Exit_Add,43634,1,2195750,14010,0.64,14080,0.64,-4820,-0.22,1092130,273.03
275,空頭進場,2026-06-06 00:40,S_G_進,43915,1,2195750,14010,0.64,14080,0.64,-4820,-0.22,1092130,273.03
276,空頭出場,2026-06-06 02:10,S_Exit_G,43634,1,2191300,9560,0.44,9630,0.44,-9270,-0.42,1101710,275.43
276,空頭進場,2026-06-06 00:45,S_G_進,43826,1,2191300,9560,0.44,9630,0.44,-9270,-0.42,1101710,275.43
277,空頭出場,2026-06-06 03:30,S_BE,43288,1,2164400,-40,0.00,17580,0.81,-370,-0.02,1101630,275.41
277,空頭進場,2026-06-06 03:10,S_Cmd,43288,1,2164400,-40,0.00,17580,0.81,-370,-0.02,1101630,275.41
278,空頭出場,2026-06-06 04:05,S_Exit_Add,42620,1,2152350,21310,0.99,21380,0.99,-12070,-0.56,1122940,280.74
278,空頭進場,2026-06-06 03:15,S_Add,43047,1,2152350,21310,0.99,21380,0.99,-12070,-0.56,1122940,280.74
279,空頭出場,2026-06-06 04:10,S_Exit_Add,42415,1,2149750,28960,1.35,29030,1.35,-14670,-0.68,1151900,287.98
279,空頭進場,2026-06-06 03:20,S_Add,42995,1,2149750,28960,1.35,29030,1.35,-14670,-0.68,1151900,287.98
280,空頭出場,2026-06-06 04:15,S_Exit_Add,42264,1,2141700,28460,1.33,28530,1.33,-20,0.00,1180360,295.09
280,空頭進場,2026-06-06 04:05,S_Add,42834,1,2141700,28460,1.33,28530,1.33,-20,0.00,1180360,295.09
281,空頭出場,2026-06-06 04:20,S_Exit_Add,42201,1,2135800,25710,1.20,25780,1.21,-920,-0.04,1206070,301.52
281,空頭進場,2026-06-06 04:10,S_Add,42716,1,2135800,25710,1.20,25780,1.21,-920,-0.04,1206070,301.52
282,空頭出場,2026-06-06 04:30,S_Exit_Add,41001,1,2122150,72060,3.40,72130,3.40,-120,-0.01,1278110,319.53
282,空頭進場,2026-06-06 04:15,S_Add,42443,1,2122150,72060,3.40,72130,3.40,-120,-0.01,1278110,319.53
283,空頭出場,2026-06-06 04:30,S_Exit_Add,41001,1,2114500,64410,3.05,64480,3.05,-3820,-0.18,1342540,335.64
283,空頭進場,2026-06-06 04:20,S_Add,42290,1,2114500,64410,3.05,64480,3.05,-3820,-0.18,1342540,335.64
284,空頭出場,2026-06-06 04:30,S_Exit_Add,41001,1,2112450,62360,2.95,62430,2.96,-2420,-0.11,1404920,351.23
284,空頭進場,2026-06-06 04:25,S_Add,42249,1,2112450,62360,2.95,62430,2.96,-2420,-0.11,1404920,351.23
285,空頭出場,2026-06-06 04:30,S_Exit_G,41001,1,2106900,56810,2.70,56880,2.70,-1670,-0.08,1461750,365.44
285,空頭進場,2026-06-06 04:30,S_G_進,42138,1,2106900,56810,2.70,56880,2.70,-1670,-0.08,1461750,365.44
286,空頭出場,2026-06-08 12:50,S_Cmd_Fast,43368,1,2162850,-5590,-0.26,480,0.02,-6770,-0.31,1456160,364.04
286,空頭進場,2026-06-08 12:45,S_Cmd,43257,1,2162850,-5590,-0.26,480,0.02,-6770,-0.31,1456160,364.04
287,空頭出場,2026-06-08 15:10,S_Cmd_Fast,43407,1,2158000,-12390,-0.57,8580,0.40,-13870,-0.64,1443770,360.94
287,空頭進場,2026-06-08 13:35,S_Cmd,43160,1,2158000,-12390,-0.57,8580,0.40,-13870,-0.64,1443770,360.94
288,空頭出場,2026-06-09 03:55,Trend Rev,43998,1,2195450,-4490,-0.20,6130,0.28,-6020,-0.27,1439280,359.82
288,空頭進場,2026-06-09 03:15,S_Cmd,43909,1,2195450,-4490,-0.20,6130,0.28,-6020,-0.27,1439280,359.82
289,空頭出場,2026-06-09 09:20,S_Exit,43961,1,2187850,-10240,-0.47,8430,0.39,-10220,-0.47,1429040,357.26
289,空頭進場,2026-06-09 08:50,S_Cmd,43757,1,2187850,-10240,-0.47,8430,0.39,-10220,-0.47,1429040,357.26
290,空頭出場,2026-06-09 22:40,S_Exit,44052,1,2221100,18460,0.83,18530,0.83,-5070,-0.23,1447500,361.88
290,空頭進場,2026-06-09 22:15,S_Cmd,44422,1,2221100,18460,0.83,18530,0.83,-5070,-0.23,1447500,361.88
291,空頭出場,2026-06-09 23:25,S_Exit,43450,1,2204300,31760,1.44,31830,1.44,-4720,-0.21,1479220,369.81
291,空頭進場,2026-06-09 22:45,S_Cmd,44086,1,2204300,31760,1.44,31830,1.44,-4720,-0.21,1479220,369.81
292,空頭出場,2026-06-09 23:35,S_Exit_Add,43378,1,2196500,27560,1.25,27630,1.26,-12520,-0.57,1506760,376.69
292,空頭進場,2026-06-09 22:50,S_Add,43930,1,2196500,27560,1.25,27630,1.26,-12520,-0.57,1506760,376.69
293,空頭出場,2026-06-09 23:55,S_Exit_Add,43126,1,2187050,30710,1.40,30780,1.41,-1920,-0.09,1537490,384.37
293,空頭進場,2026-06-09 23:25,S_Add,43741,1,2187050,30710,1.40,30780,1.41,-1920,-0.09,1537490,384.37
294,空頭出場,2026-06-09 23:55,S_Exit_G,43126,1,2173250,16910,0.78,16980,0.78,-14320,-0.66,1554420,388.61
294,空頭進場,2026-06-09 23:30,S_Add,43465,1,2173250,16910,0.78,16980,0.78,-14320,-0.66,1554420,388.61
295,空頭出場,2026-06-10 00:15,S_Exit_Add,42640,1,2173550,41510,1.91,41580,1.91,-14020,-0.65,1595890,398.97
295,空頭進場,2026-06-09 23:35,S_G_進,43471,1,2173550,41510,1.91,41580,1.91,-14020,-0.65,1595890,398.97
296,空頭出場,2026-06-10 00:15,S_Exit_G,42640,1,2158900,26860,1.24,26930,1.25,-13720,-0.64,1622770,405.69
296,空頭進場,2026-06-10 00:00,S_Add,43178,1,2158900,26860,1.24,26930,1.25,-13720,-0.64,1622770,405.69
297,空頭出場,2026-06-10 00:35,S_Exit_Add,42436,1,2154750,32910,1.53,32980,1.53,-3670,-0.17,1655680,413.92
297,空頭進場,2026-06-10 00:10,S_Add,43095,1,2154750,32910,1.53,32980,1.53,-3670,-0.17,1655680,413.92
298,空頭出場,2026-06-10 01:35,S_G_Cut,43399,1,2151650,-18340,-0.85,33330,1.55,-25870,-1.20,1637320,409.33
298,空頭進場,2026-06-10 00:15,S_G_進,43033,1,2151650,-18340,-0.85,33330,1.55,-25870,-1.20,1637320,409.33
299,空頭出場,2026-06-10 02:15,S_Exit_Add,43573,1,2135550,-43140,-2.02,17230,0.81,-43120,-2.02,1594200,398.55
299,空頭進場,2026-06-10 00:20,S_Add,42711,1,2135550,-43140,-2.02,17230,0.81,-43120,-2.02,1594200,398.55
300,空頭出場,2026-06-10 02:55,S_Exit_Add,43842,1,2122100,-70040,-3.30,3780,0.18,-70020,-3.30,1524180,381.05
300,空頭進場,2026-06-10 00:40,S_Add,42442,1,2122100,-70040,-3.30,3780,0.18,-70020,-3.30,1524180,381.05
301,空頭出場,2026-06-10 08:45,Trend Rev,43838,1,2127250,-64690,-3.04,2130,0.10,-67470,-3.17,1459510,364.88
301,空頭進場,2026-06-10 00:55,S_G_進,42545,1,2127250,-64690,-3.04,2130,0.10,-67470,-3.17,1459510,364.88
302,空頭出場,2026-06-10 13:25,S_Exit,43124,1,2180000,23760,1.09,23830,1.09,-3870,-0.18,1483210,370.80
302,空頭進場,2026-06-10 12:10,S_Cmd,43600,1,2180000,23760,1.09,23830,1.09,-3870,-0.18,1483210,370.80
303,空頭出場,2026-06-10 13:25,S_Exit_G,43124,1,2172100,15860,0.73,15930,0.73,-4720,-0.22,1499090,374.77
303,空頭進場,2026-06-10 12:35,S_Add,43442,1,2172100,15860,0.73,15930,0.73,-4720,-0.22,1499090,374.77
304,空頭出場,2026-06-10 16:40,S_Exit_Add,42929,1,2167950,21460,0.99,21530,0.99,-21120,-0.97,1520570,380.14
304,空頭進場,2026-06-10 12:45,S_Add,43359,1,2167950,21460,0.99,21530,0.99,-21120,-0.97,1520570,380.14
305,空頭出場,2026-06-10 16:40,S_Exit_Add,42929,1,2162700,16210,0.75,16280,0.75,-26370,-1.22,1536800,384.20
305,空頭進場,2026-06-10 13:20,S_G_進,43254,1,2162700,16210,0.75,16280,0.75,-26370,-1.22,1536800,384.20
306,空頭出場,2026-06-11 00:35,S_Cmd_Fast,43241,1,2149450,-12640,-0.59,10580,0.49,-15320,-0.71,1524160,381.04
306,空頭進場,2026-06-10 23:20,S_Cmd,42989,1,2149450,-12640,-0.59,10580,0.49,-15320,-0.71,1524160,381.04
307,空頭出場,2026-06-11 08:50,S_Cmd_Fast,42941,1,2137500,-9590,-0.45,11830,0.55,-15170,-0.71,1514530,378.63
307,空頭進場,2026-06-11 03:20,S_Cmd,42750,1,2137500,-9590,-0.45,11830,0.55,-15170,-0.71,1514530,378.63
308,空頭出場,2026-06-11 08:50,S_Exit_Add,43014,1,2129900,-20840,-0.98,4230,0.20,-20820,-0.98,1493710,373.43
308,空頭進場,2026-06-11 04:35,S_Add,42598,1,2129900,-20840,-0.98,4230,0.20,-20820,-0.98,1493710,373.43
309,空頭出場,2026-06-11 08:50,S_Exit_Add,43069,1,2127150,-26340,-1.24,1380,0.06,-26320,-1.24,1467390,366.85
309,空頭進場,2026-06-11 04:50,S_Add,42543,1,2127150,-26340,-1.24,1380,0.06,-26320,-1.24,1467390,366.85
310,空頭出場,2026-06-11 11:30,S_Exit,42893,1,2119700,-24990,-1.18,12730,0.60,-24970,-1.18,1442400,360.60
310,空頭進場,2026-06-11 10:25,S_Cmd,42394,1,2119700,-24990,-1.18,12730,0.60,-24970,-1.18,1442400,360.60
311,多頭出場,2026-06-12 09:20,L_G_Cut,44400,1,2222350,-2390,-0.11,24580,1.11,-7370,-0.33,1439950,359.99
311,多頭進場,2026-06-12 03:15,L_Cmd,44447,1,2222350,-2390,-0.11,24580,1.11,-7370,-0.33,1439950,359.99
312,多頭出場,2026-06-12 09:25,L_Cmd_Fast,44295,1,2236850,-22140,-0.99,5930,0.27,-24620,-1.10,1417830,354.46
312,多頭進場,2026-06-12 08:50,L_Add,44737,1,2236850,-22140,-0.99,5930,0.27,-24620,-1.10,1417830,354.46
313,多頭出場,2026-06-12 09:25,L_Exit_Add,44228,1,2238550,-27190,-1.21,4230,0.19,-27170,-1.21,1390660,347.67
313,多頭進場,2026-06-12 08:55,L_Add,44771,1,2238550,-27190,-1.21,4230,0.19,-27170,-1.21,1390660,347.67
314,多頭出場,2026-06-12 09:25,L_Exit_Add,44194,1,2241500,-31840,-1.42,1280,0.06,-31820,-1.42,1358840,339.71
314,多頭進場,2026-06-12 09:00,L_G_進,44830,1,2241500,-31840,-1.42,1280,0.06,-31820,-1.42,1358840,339.71
315,多頭出場,2026-06-12 22:45,L_Cmd_Fast,44238,1,2224100,-12240,-0.55,3230,0.15,-13570,-0.61,1346600,336.65
315,多頭進場,2026-06-12 22:05,L_Cmd,44482,1,2224100,-12240,-0.55,3230,0.15,-13570,-0.61,1346600,336.65
316,多頭出場,2026-06-15 09:20,L_Exit,45403,1,2287150,-17040,-0.75,8030,0.35,-17020,-0.74,1329560,332.39
316,多頭進場,2026-06-15 08:50,L_Cmd,45743,1,2287150,-17040,-0.75,8030,0.35,-17020,-0.74,1329560,332.39
317,多頭出場,2026-06-16 22:00,L_Cmd_Fast,45820,1,2295050,-4090,-0.18,80,0.00,-4970,-0.22,1325470,331.37
317,多頭進場,2026-06-16 21:55,L_Cmd,45901,1,2295050,-4090,-0.18,80,0.00,-4970,-0.22,1325470,331.37
318,多頭出場,2026-06-17 11:10,Trend Rev,45513,1,2276400,-790,-0.03,8930,0.39,-5420,-0.24,1324660,331.17
318,多頭進場,2026-06-17 09:10,L_Cmd,45528,1,2276400,-790,-0.03,8930,0.39,-5420,-0.24,1324660,331.17
319,多頭出場,2026-06-17 11:10,Trend Rev,45513,1,2283000,-7390,-0.32,2330,0.10,-7520,-0.33,1317290,329.32
319,多頭進場,2026-06-17 09:35,L_Add,45660,1,2283000,-7390,-0.32,2330,0.10,-7520,-0.33,1317290,329.32
320,多頭出場,2026-06-17 13:00,L_Exit_G,45970,1,2281250,17210,0.75,17280,0.76,-3070,-0.13,1334440,333.61
320,多頭進場,2026-06-17 11:55,L_Cmd,45625,1,2281250,17210,0.75,17280,0.76,-3070,-0.13,1334440,333.61
321,多頭出場,2026-06-17 13:25,L_Exit,46038,1,2289300,12560,0.55,12630,0.55,-5020,-0.22,1347000,336.75
321,多頭進場,2026-06-17 12:20,L_Add,45786,1,2289300,12560,0.55,12630,0.55,-5020,-0.22,1347000,336.75
322,多頭出場,2026-06-17 13:25,L_Exit_G,46038,1,2291500,10360,0.45,10430,0.46,-7220,-0.32,1357380,339.35
322,多頭進場,2026-06-17 12:25,L_Add,45830,1,2291500,10360,0.45,10430,0.46,-7220,-0.32,1357380,339.35
323,多頭出場,2026-06-17 15:00,L_Exit_Add,46123,1,2292850,13260,0.58,13330,0.58,-8570,-0.37,1370620,342.66
323,多頭進場,2026-06-17 12:30,L_G_進,45857,1,2292850,13260,0.58,13330,0.58,-8570,-0.37,1370620,342.66
324,多頭出場,2026-06-17 15:00,L_Exit_G,46123,1,2298050,8060,0.35,8130,0.35,-4020,-0.17,1378700,344.68
324,多頭進場,2026-06-17 13:05,L_G_進,45961,1,2298050,8060,0.35,8130,0.35,-4020,-0.17,1378700,344.68
325,多頭出場,2026-06-17 15:00,L_Exit_Add,46454,1,2300150,22510,0.98,22580,0.98,-670,-0.03,1401230,350.31
325,多頭進場,2026-06-17 13:30,L_Add,46003,1,2300150,22510,0.98,22580,0.98,-670,-0.03,1401230,350.31
326,多頭出場,2026-06-17 15:00,L_Exit_Add,46454,1,2301800,20860,0.91,20930,0.91,-1720,-0.07,1422110,355.53
326,多頭進場,2026-06-17 13:40,L_G_進,46036,1,2301800,20860,0.91,20930,0.91,-1720,-0.07,1422110,355.53
327,多頭出場,2026-06-18 11:15,L_Cmd_Fast,46369,1,2320700,-2290,-0.10,14580,0.63,-5570,-0.24,1419780,354.95
327,多頭進場,2026-06-18 08:50,L_Cmd,46414,1,2320700,-2290,-0.10,14580,0.63,-5570,-0.24,1419780,354.95
328,多頭出場,2026-06-18 12:15,Trend Rev,46302,1,2330250,-15190,-0.65,5030,0.22,-17470,-0.75,1404610,351.15
328,多頭進場,2026-06-18 10:15,L_Add,46605,1,2330250,-15190,-0.65,5030,0.22,-17470,-0.75,1404610,351.15
329,多頭出場,2026-06-18 12:15,Trend Rev,46302,1,2333250,-18190,-0.78,1480,0.06,-20470,-0.88,1386440,346.61
329,多頭進場,2026-06-18 10:20,L_Add,46665,1,2333250,-18190,-0.78,1480,0.06,-20470,-0.88,1386440,346.61
330,多頭出場,2026-06-18 19:10,L_Cmd_Fast,46794,1,2333500,6160,0.26,15980,0.68,-670,-0.03,1392580,348.15
330,多頭進場,2026-06-18 13:40,L_Cmd,46670,1,2333500,6160,0.26,15980,0.68,-670,-0.03,1392580,348.15
331,多頭出場,2026-06-18 21:05,L_Exit_Add,46935,1,2338250,8460,0.36,11230,0.48,-1720,-0.07,1401040,350.26
331,多頭進場,2026-06-18 15:00,L_Add,46765,1,2338250,8460,0.36,11230,0.48,-1720,-0.07,1401040,350.26
332,多頭出場,2026-06-18 21:30,L_Exit_Add,47141,1,2345300,11710,0.50,11780,0.50,-320,-0.01,1412770,353.19
332,多頭進場,2026-06-18 21:05,L_Add,46906,1,2345300,11710,0.50,11780,0.50,-320,-0.01,1412770,353.19
333,多頭出場,2026-06-19 01:05,L_Exit_G,47447,1,2358150,14160,0.60,14230,0.60,-2270,-0.10,1426870,356.72
333,多頭進場,2026-06-18 22:05,L_Cmd,47163,1,2358150,14160,0.60,14230,0.60,-2270,-0.10,1426870,356.72
334,多頭出場,2026-06-19 01:15,L_Exit,47476,1,2363450,10310,0.44,10380,0.44,-6720,-0.28,1437200,359.30
334,多頭進場,2026-06-18 22:25,L_Add,47269,1,2363450,10310,0.44,10380,0.44,-6720,-0.28,1437200,359.30
335,多頭出場,2026-06-19 01:20,L_Exit_Add,47485,1,2366100,8110,0.34,8180,0.35,-1420,-0.06,1445330,361.33
335,多頭進場,2026-06-19 00:05,L_Add,47322,1,2366100,8110,0.34,8180,0.35,-1420,-0.06,1445330,361.33
336,多頭出場,2026-06-19 01:35,L_Exit_Add,47538,1,2366650,10210,0.43,10280,0.43,-1370,-0.06,1455560,363.89
336,多頭進場,2026-06-19 00:15,L_G_進,47333,1,2366650,10210,0.43,10280,0.43,-1370,-0.06,1455560,363.89
337,多頭出場,2026-06-22 08:45,L_Exit,47439,1,2378750,-6840,-0.29,2130,0.09,-6820,-0.29,1448720,362.18
337,多頭進場,2026-06-19 03:45,L_Cmd,47575,1,2378750,-6840,-0.29,2130,0.09,-6820,-0.29,1448720,362.18
338,多頭出場,2026-06-22 13:40,L_Exit_G,48466,1,2405200,18060,0.75,18130,0.75,-12020,-0.50,1466720,366.68
338,多頭進場,2026-06-22 09:35,L_Cmd,48104,1,2405200,18060,0.75,18130,0.75,-12020,-0.50,1466720,366.68
339,多頭出場,2026-06-22 15:00,L_Exit,48647,1,2415650,16660,0.69,16730,0.69,-14170,-0.59,1483400,370.85
339,多頭進場,2026-06-22 10:25,L_Add,48313,1,2415650,16660,0.69,16730,0.69,-14170,-0.59,1483400,370.85
340,多頭出場,2026-06-22 15:00,L_Exit_Add,48647,1,2417200,15110,0.63,15180,0.63,-3820,-0.16,1498530,374.63
340,多頭進場,2026-06-22 13:10,L_Add,48344,1,2417200,15110,0.63,15180,0.63,-3820,-0.16,1498530,374.63
341,多頭出場,2026-06-22 15:10,L_Exit_Add,48678,1,2420000,13860,0.57,13930,0.58,-6620,-0.27,1512410,378.10
341,多頭進場,2026-06-22 13:30,L_G_進,48400,1,2420000,13860,0.57,13930,0.58,-6620,-0.27,1512410,378.10
342,多頭出場,2026-06-22 22:30,L_Cmd_Fast,49000,1,2460650,-10690,-0.43,1280,0.05,-11820,-0.48,1501720,375.43
342,多頭進場,2026-06-22 22:10,L_Cmd,49213,1,2460650,-10690,-0.43,1280,0.05,-11820,-0.48,1501720,375.43