trades,wr,net,pf,mdd,sharpe,net_2024,net_2025,net_2026,variant
3857,54.9,3692320,1.494,-347890,2.46,847640,1500120,1344560,baseline
3877,53.7,3711670,1.514,-340480,2.5,942150,1450830,1318690,stale7
3853,54.2,3760780,1.517,-316850,2.52,895300,1512000,1353480,stale9
3862,54.5,3776770,1.517,-316850,2.53,878060,1514490,1384220,stale10
3808,53.9,3747630,1.529,-340480,2.53,936180,1456980,1354470,cd30+stale7
3803,54.4,3779630,1.53,-316850,2.54,883220,1489500,1406910,cd30+stale8
3785,54.5,3789800,1.531,-316850,2.55,889330,1516500,1383970,cd30+stale9
3793,54.8,3806630,1.531,-316850,2.55,872090,1521730,1412810,cd30+stale10
3447,54.1,3475120,1.529,-267180,2.51,784490,1369310,1321320,cd30+stale10+o8
